year,statename,lcname,candidate,sex,age,category,party,total,electors,polled,rank,win,alliance
2015,NCT OF Delhi,NERELA,SHARAD KUMAR,M,40,GEN,AAAP,96143,241032,160339,1,1,AAAP
2015,NCT OF Delhi,NERELA,NEEL DAMAN KHATRI,M,44,GEN,BJP,55851,241032,160339,2,0,BJP
2015,NCT OF Delhi,NERELA,PRAVEEN KUMAR BHUGRA,M,46,GEN,INC,4643,241032,160339,7,0,INC
2015,NCT OF Delhi,NERELA,ROOPESH BHARDWAJ,M,40,GEN,BSP,1662,241032,160339,9,0,OTHERS
2015,NCT OF Delhi,NERELA,None of the Above,NULL,NULL,GEN,NOTA,767,241032,160339,11,0,OTHERS
2015,NCT OF Delhi,NERELA,BRIJ MOHAN,M,37,GEN,SHS,478,241032,160339,16,0,OTHERS
2015,NCT OF Delhi,NERELA,SURENDER,M,48,GEN,CPI(ML)(L),363,241032,160339,17,0,OTHERS
2015,NCT OF Delhi,NERELA,MANOJ KUMAR,M,42,GEN,IND,218,241032,160339,21,0,OTHERS
2015,NCT OF Delhi,NERELA,AJAY MUDGIL,M,30,GEN,IND,191,241032,160339,23,0,OTHERS
2015,NCT OF Delhi,BURARI,SANJEEV JHA,M,35,GEN,AAAP,124724,288420,195481,1,1,AAAP
2015,NCT OF Delhi,BURARI,GOPAL JHA,M,46,GEN,BJP,56774,288420,195481,3,0,BJP
2015,NCT OF Delhi,BURARI,J S CHAUHAN,M,66,GEN,INC,6750,288420,195481,6,0,INC
2015,NCT OF Delhi,BURARI,RAMBIR,M,42,GEN,BSP,2343,288420,195481,11,0,OTHERS
2015,NCT OF Delhi,BURARI,MANAGER CHAURASIYA,M,45,GEN,SUCI,930,288420,195481,12,0,OTHERS
2015,NCT OF Delhi,BURARI,DHARAM PAL SINGH,M,49,GEN,SHS,561,288420,195481,14,0,OTHERS
2015,NCT OF Delhi,BURARI,KHADAK LAL,M,63,GEN,IND,540,288420,195481,16,0,OTHERS
2015,NCT OF Delhi,BURARI,RICHA MUNDRA,F,37,GEN,SASAPT,532,288420,195481,17,0,OTHERS
2015,NCT OF Delhi,BURARI,NAFE SINGH RAJPUT,M,41,GEN,IND,435,288420,195481,20,0,OTHERS
2015,NCT OF Delhi,BURARI,None of the Above,NULL,NULL,GEN,NOTA,413,288420,195481,21,0,OTHERS
2015,NCT OF Delhi,BURARI,PREM SHANKAR SHARMA,M,51,GEN,ABSPARTY,382,288420,195481,22,0,OTHERS
2015,NCT OF Delhi,BURARI,MADHU DIWAKAR,F,45,GEN,CPM,250,288420,195481,27,0,OTHERS
2015,NCT OF Delhi,BURARI,RANJAN KUMAR SINGH,M,29,GEN,BaJD,158,288420,195481,35,0,OTHERS
2015,NCT OF Delhi,BURARI,SUSHIL KUMAR MISHRA,M,41,GEN,ABHM,130,288420,195481,37,0,OTHERS
2015,NCT OF Delhi,BURARI,GULAB SINGHAL,M,39,GEN,RAJP,110,288420,195481,38,0,OTHERS
2015,NCT OF Delhi,BURARI,RAJBIR SINGH,M,34,GEN,IND,109,288420,195481,39,0,OTHERS
2015,NCT OF Delhi,BURARI,PRAVEN KUMAR,M,26,GEN,GaAP,105,288420,195481,40,0,OTHERS
2015,NCT OF Delhi,BURARI,PANKAJ KUMAR AGARAWAL,M,38,GEN,PpGP,96,288420,195481,41,0,OTHERS
2015,NCT OF Delhi,BURARI,KALPANA GUPTA,F,28,GEN,RPI(A),85,288420,195481,42,0,OTHERS
2015,NCT OF Delhi,TIMARPUR,PANKAJ PUSHKAR,M,42,GEN,AAAP,64477,188992,126364,1,1,AAAP
2015,NCT OF Delhi,TIMARPUR,RAJNI ABBI,F,52,GEN,BJP,43830,188992,126364,2,0,BJP
2015,NCT OF Delhi,TIMARPUR,SURINDER PAL SINGH,M,54,GEN,INC,14642,188992,126364,6,0,INC
2015,NCT OF Delhi,TIMARPUR,MANOJ,M,37,GEN,BSP,592,188992,126364,10,0,OTHERS
2015,NCT OF Delhi,TIMARPUR,HARJINDER SINGH,M,49,GEN,IND,581,188992,126364,11,0,OTHERS
2015,NCT OF Delhi,TIMARPUR,None of the Above,NULL,NULL,GEN,NOTA,555,188992,126364,13,0,OTHERS
2015,NCT OF Delhi,TIMARPUR,SANJEEV KUMAR RANA,M,46,GEN,CPI,542,188992,126364,14,0,OTHERS
2015,NCT OF Delhi,TIMARPUR,CHAND MIYA,M,25,GEN,IND,448,188992,126364,15,0,OTHERS
2015,NCT OF Delhi,TIMARPUR,SAVITA CHAUDHARY,F,52,GEN,IND,170,188992,126364,20,0,OTHERS
2015,NCT OF Delhi,TIMARPUR,GUNJAN KUMAR,M,30,GEN,IND,129,188992,126364,21,0,OTHERS
2015,NCT OF Delhi,TIMARPUR,SHESH NATH GOSWAMI,M,32,GEN,ABSPARTY,119,188992,126364,22,0,OTHERS
2015,NCT OF Delhi,TIMARPUR,RAMESH,M,34,GEN,REP,99,188992,126364,23,0,OTHERS
2015,NCT OF Delhi,TIMARPUR,PARAS NATH YADAV,M,46,GEN,bjdi,61,188992,126364,25,0,OTHERS
2015,NCT OF Delhi,TIMARPUR,VIDYA,F,39,GEN,PSPARTY,52,188992,126364,26,0,OTHERS
2015,NCT OF Delhi,ADARSH NAGAR,PAWAN KUMAR SHARMA,M,44,GEN,AAAP,54026,157749,105252,1,1,AAAP
2015,NCT OF Delhi,ADARSH NAGAR,RAM KISHAN SINGHAL,M,63,GEN,BJP,33285,157749,105252,3,0,BJP
2015,NCT OF Delhi,ADARSH NAGAR,MUKESH KUMAR GOEL,M,54,GEN,INC,15341,157749,105252,6,0,INC
2015,NCT OF Delhi,ADARSH NAGAR,VIJAY KUMAR AGGARWAL,M,53,GEN,IND,694,157749,105252,9,0,OTHERS
2015,NCT OF Delhi,ADARSH NAGAR,RAMNIWAS,M,40,GEN,BSP,679,157749,105252,10,0,OTHERS
2015,NCT OF Delhi,ADARSH NAGAR,None of the Above,NULL,NULL,GEN,NOTA,459,157749,105252,11,0,OTHERS
2015,NCT OF Delhi,ADARSH NAGAR,LAL SINGH,M,44,GEN,IND,263,157749,105252,13,0,OTHERS
2015,NCT OF Delhi,ADARSH NAGAR,SUNIL,M,34,GEN,IND,194,157749,105252,18,0,OTHERS
2015,NCT OF Delhi,ADARSH NAGAR,NARESH KUMAR CHOUBEY,M,48,GEN,BJKD,108,157749,105252,19,0,OTHERS
2015,NCT OF Delhi,ADARSH NAGAR,SUMAN,F,40,GEN,RPI(A),73,157749,105252,20,0,OTHERS
2015,NCT OF Delhi,ADARSH NAGAR,KRISHNA KUMAR SINGH,M,41,GEN,bjdi,61,157749,105252,21,0,OTHERS
2015,NCT OF Delhi,BADLI,AJESH YADAV,M,47,GEN,AAAP,72795,223268,142351,1,1,AAAP
2015,NCT OF Delhi,BADLI,DEVENDER YADAV,M,43,GEN,INC,37419,223268,142351,3,0,INC
2015,NCT OF Delhi,BADLI,RAJESH YADAV,M,41,GEN,BJP,28238,223268,142351,6,0,BJP
2015,NCT OF Delhi,BADLI,RAKESH KUMAR,M,40,GEN,SUCI,947,223268,142351,9,0,OTHERS
2015,NCT OF Delhi,BADLI,ANAND PRAKASH RANA,M,35,GEN,IND,729,223268,142351,10,0,OTHERS
2015,NCT OF Delhi,BADLI,None of the Above,NULL,NULL,GEN,NOTA,713,223268,142351,11,0,OTHERS
2015,NCT OF Delhi,BADLI,DR. MD. JAWED HABIB,M,40,GEN,BSP,685,223268,142351,12,0,OTHERS
2015,NCT OF Delhi,BADLI,JAI PAL,M,40,GEN,IND,293,223268,142351,15,0,OTHERS
2015,NCT OF Delhi,BADLI,HARI OM,M,44,GEN,IND,202,223268,142351,19,0,OTHERS
2015,NCT OF Delhi,BADLI,ANIL SHARMA,M,48,GEN,NCP,169,223268,142351,21,0,OTHERS
2015,NCT OF Delhi,BADLI,DEVENDER YADAV,M,45,GEN,IND,160,223268,142351,22,0,OTHERS
2015,NCT OF Delhi,RITHALA,MOHINDER GOYAL,M,51,GEN,AAAP,93470,248480,165152,1,1,AAAP
2015,NCT OF Delhi,RITHALA,KULWANT RANA,M,44,GEN,BJP,64219,248480,165152,3,0,BJP
2015,NCT OF Delhi,RITHALA,JAGDISH YADAV,M,58,GEN,INC,5367,248480,165152,6,0,INC
2015,NCT OF Delhi,RITHALA,None of the Above,NULL,NULL,GEN,NOTA,705,248480,165152,9,0,OTHERS
2015,NCT OF Delhi,RITHALA,PAWAN KAUSHIK,M,44,GEN,BSP,542,248480,165152,10,0,OTHERS
2015,NCT OF Delhi,RITHALA,ANURAG MISHRA,M,25,GEN,RBHP,266,248480,165152,14,0,OTHERS
2015,NCT OF Delhi,RITHALA,SUMEET KUMAR SINHA,M,38,GEN,SASAPT,156,248480,165152,15,0,OTHERS
2015,NCT OF Delhi,RITHALA,SUNJEET,M,40,GEN,DJP,127,248480,165152,18,0,OTHERS
2015,NCT OF Delhi,RITHALA,VIRENDER JHA,M,52,GEN,PBI,126,248480,165152,19,0,OTHERS
2015,NCT OF Delhi,RITHALA,JITENDER SINGH,M,26,GEN,ASSP,88,248480,165152,20,0,OTHERS
2015,NCT OF Delhi,BAWANA,VED PARKASH,M,41,SC,AAAP,108928,303108,187416,1,1,AAAP
2015,NCT OF Delhi,BAWANA,GUGAN SINGH,M,66,SC,BJP,58371,303108,187416,3,0,BJP
2015,NCT OF Delhi,BAWANA,SURENDER KUMAR,M,57,SC,INC,14749,303108,187416,6,0,INC
2015,NCT OF Delhi,BAWANA,GAJANAND,M,44,SC,BSP,3641,303108,187416,8,0,OTHERS
2015,NCT OF Delhi,BAWANA,None of the Above,NULL,NULL,SC,NOTA,866,303108,187416,10,0,OTHERS
2015,NCT OF Delhi,BAWANA,AMOD PASWAN,M,34,SC,bjdi,425,303108,187416,14,0,OTHERS
2015,NCT OF Delhi,BAWANA,RAM BABU,M,62,SC,RBHP,364,303108,187416,15,0,OTHERS
2015,NCT OF Delhi,MUNDKA,SUKHVIR SINGH,M,53,GEN,AAAP,94206,261341,164635,1,1,AAAP
2015,NCT OF Delhi,MUNDKA,AZAD SINGH,M,63,GEN,BJP,53380,261341,164635,2,0,BJP
2015,NCT OF Delhi,MUNDKA,REETA,F,34,GEN,INC,13446,261341,164635,7,0,INC
2015,NCT OF Delhi,MUNDKA,OM PARKASH,M,51,GEN,BSP,778,261341,164635,12,0,OTHERS
2015,NCT OF Delhi,MUNDKA,None of the Above,NULL,NULL,GEN,NOTA,576,261341,164635,15,0,OTHERS
2015,NCT OF Delhi,MUNDKA,RAVI SWAROOP,M,49,GEN,RBHP,550,261341,164635,17,0,OTHERS
2015,NCT OF Delhi,MUNDKA,UDEY VIR,M,60,GEN,SASAPT,361,261341,164635,20,0,OTHERS
2015,NCT OF Delhi,MUNDKA,VIRANDER SINGH,M,49,GEN,IND,341,261341,164635,21,0,OTHERS
2015,NCT OF Delhi,MUNDKA,RAMBALI SHAH,M,47,GEN,IND,240,261341,164635,25,0,OTHERS
2015,NCT OF Delhi,MUNDKA,ANIL KUMAR,M,39,GEN,IND,179,261341,164635,28,0,OTHERS
2015,NCT OF Delhi,MUNDKA,VIJAY KUMAR GARG,M,45,GEN,DJP,157,261341,164635,30,0,OTHERS
2015,NCT OF Delhi,MUNDKA,JASMER SINGH,M,39,GEN,GaAP,117,261341,164635,31,0,OTHERS
2015,NCT OF Delhi,MUNDKA,RAJ KUMAR PARIHAR,M,40,GEN,NCP,110,261341,164635,32,0,OTHERS
2015,NCT OF Delhi,MUNDKA,LAXMI,F,36,GEN,RPI(A),78,261341,164635,33,0,OTHERS
2015,NCT OF Delhi,MUNDKA,KARAM CHAND LATHWAL,M,49,GEN,BPC,61,261341,164635,34,0,OTHERS
2015,NCT OF Delhi,MUNDKA,RAKESH KUMAR SHARMA,M,29,GEN,AIFB,52,261341,164635,35,0,OTHERS
2015,NCT OF Delhi,KIRARI,RITURAJ GOVIND,M,26,GEN,AAAP,97727,242830,158505,1,1,AAAP
2015,NCT OF Delhi,KIRARI,ANIL JHA,M,40,GEN,BJP,52555,242830,158505,3,0,BJP
2015,NCT OF Delhi,KIRARI,PRATYUSH KANTH,M,42,GEN,INC,2086,242830,158505,7,0,INC
2015,NCT OF Delhi,KIRARI,D.N. BHAGAT KUSHWAHA,M,42,GEN,BSP,2021,242830,158505,8,0,OTHERS
2015,NCT OF Delhi,KIRARI,AMRESH SHARMA,M,35,GEN,DNP,1499,242830,158505,9,0,OTHERS
2015,NCT OF Delhi,KIRARI,None of the Above,NULL,NULL,GEN,NOTA,840,242830,158505,14,0,OTHERS
2015,NCT OF Delhi,KIRARI,PUSPRAJ SINGH,M,40,GEN,IND,763,242830,158505,15,0,OTHERS
2015,NCT OF Delhi,KIRARI,BANSHIDHAR MISHRA,M,62,GEN,HCP,339,242830,158505,18,0,OTHERS
2015,NCT OF Delhi,KIRARI,RASAT GARG,M,41,GEN,PHRC,258,242830,158505,20,0,OTHERS
2015,NCT OF Delhi,KIRARI,ABINAV SANJAY PRAJAPATI,M,39,GEN,NCP,224,242830,158505,22,0,OTHERS
2015,NCT OF Delhi,KIRARI,RAJINDER KUMAR,M,38,GEN,SHS,173,242830,158505,26,0,OTHERS
2015,NCT OF Delhi,SULTANPUR MAJRA,SANDEEP KUMAR,M,34,SC,AAAP,80269,169933,115531,1,1,AAAP
2015,NCT OF Delhi,SULTANPUR MAJRA,PARBHU DAYAL,M,35,SC,BJP,15830,169933,115531,6,0,BJP
2015,NCT OF Delhi,SULTANPUR MAJRA,JAI KISHAN,M,56,SC,INC,15036,169933,115531,7,0,INC
2015,NCT OF Delhi,SULTANPUR MAJRA,NATHU RAM,M,45,SC,BSP,2838,169933,115531,8,0,OTHERS
2015,NCT OF Delhi,SULTANPUR MAJRA,GURDAYAL SINGH,M,46,SC,SHS,549,169933,115531,11,0,OTHERS
2015,NCT OF Delhi,SULTANPUR MAJRA,None of the Above,NULL,NULL,SC,NOTA,521,169933,115531,12,0,OTHERS
2015,NCT OF Delhi,SULTANPUR MAJRA,SONU,M,34,SC,BMUP,309,169933,115531,14,0,OTHERS
2015,NCT OF Delhi,SULTANPUR MAJRA,RAMESH KUMAR,O,50,SC,IND,148,169933,115531,16,0,OTHERS
2015,NCT OF Delhi,NANGLOI JAT,RAGHUVINDER SHOKEEN,M,48,GEN,AAAP,83259,239203,152495,1,1,AAAP
2015,NCT OF Delhi,NANGLOI JAT,MANOJ KUMAR SHOKEEN,M,47,GEN,BJP,46235,239203,152495,4,0,BJP
2015,NCT OF Delhi,NANGLOI JAT,DR. BIJENDER SINGH,M,67,GEN,INC,15756,239203,152495,6,0,INC
2015,NCT OF Delhi,NANGLOI JAT,NARENDER BINDAL,M,49,GEN,IND,3323,239203,152495,7,0,OTHERS
2015,NCT OF Delhi,NANGLOI JAT,KULWANT RAI BANSAL,M,59,GEN,BSP,1173,239203,152495,9,0,OTHERS
2015,NCT OF Delhi,NANGLOI JAT,SANDEEP KHATIK,M,25,GEN,JD(U),538,239203,152495,12,0,OTHERS
2015,NCT OF Delhi,NANGLOI JAT,None of the Above,NULL,NULL,GEN,NOTA,517,239203,152495,13,0,OTHERS
2015,NCT OF Delhi,NANGLOI JAT,RAGHVENDER SINGH,M,54,GEN,IND,410,239203,152495,14,0,OTHERS
2015,NCT OF Delhi,NANGLOI JAT,MAHESH KUMAR,M,45,GEN,IND,289,239203,152495,15,0,OTHERS
2015,NCT OF Delhi,NANGLOI JAT,ADARSH SHARMA,M,35,GEN,PMPT,280,239203,152495,16,0,OTHERS
2015,NCT OF Delhi,NANGLOI JAT,ANIL,M,28,GEN,IND,139,239203,152495,20,0,OTHERS
2015,NCT OF Delhi,NANGLOI JAT,HARI SHANKAR SHARMA,M,50,GEN,AIFB,131,239203,152495,21,0,OTHERS
2015,NCT OF Delhi,NANGLOI JAT,DHARAM PAL BHILWARA,M,57,GEN,HCP,103,239203,152495,26,0,OTHERS
2015,NCT OF Delhi,NANGLOI JAT,ROHTASH SINGH,M,56,GEN,SAAFP,102,239203,152495,27,0,OTHERS
2015,NCT OF Delhi,NANGLOI JAT,DR. TARUN KUMAR,M,40,GEN,VSP,62,239203,152495,29,0,OTHERS
2015,NCT OF Delhi,NANGLOI JAT,RATAN LAL GUPTA (ADVOCATE),M,38,GEN,DJP,58,239203,152495,30,0,OTHERS
2015,NCT OF Delhi,MANGOL PURI,RAKHI BIRLA,F,27,SC,AAAP,60534,178940,129045,1,1,AAAP
2015,NCT OF Delhi,MANGOL PURI,RAJ KUMAR CHAUHAN,M,57,SC,INC,37835,178940,129045,3,0,INC
2015,NCT OF Delhi,MANGOL PURI,SURJEET KUMAR,M,47,SC,BJP,27889,178940,129045,6,0,BJP
2015,NCT OF Delhi,MANGOL PURI,DEVENDER KUMAR,M,32,SC,BSP,1659,178940,129045,8,0,OTHERS
2015,NCT OF Delhi,MANGOL PURI,None of the Above,NULL,NULL,SC,NOTA,534,178940,129045,11,0,OTHERS
2015,NCT OF Delhi,MANGOL PURI,RAJU,M,36,SC,SHS,330,178940,129045,13,0,OTHERS
2015,NCT OF Delhi,MANGOL PURI,VIJAY MAHAROLIYA,M,43,SC,IND,179,178940,129045,15,0,OTHERS
2015,NCT OF Delhi,ROHINI,VIJENDER GUPTA,M,51,GEN,BJP,59866,174653,120271,1,1,BJP
2015,NCT OF Delhi,ROHINI,C.L. GUPTA ADVOCATE,M,60,GEN,AAAP,54499,174653,120271,2,0,AAAP
2015,NCT OF Delhi,ROHINI,SUKHBIR SHARMA,M,53,GEN,INC,3399,174653,120271,6,0,INC
2015,NCT OF Delhi,ROHINI,RAJU,M,45,GEN,DMKP,1406,174653,120271,7,0,OTHERS
2015,NCT OF Delhi,ROHINI,None of the Above,NULL,NULL,GEN,NOTA,557,174653,120271,10,0,OTHERS
2015,NCT OF Delhi,ROHINI,DEEPAK KUMAR,M,33,GEN,BSP,349,174653,120271,11,0,OTHERS
2015,NCT OF Delhi,ROHINI,SARABJIT SINGH,M,32,GEN,IND,66,174653,120271,13,0,OTHERS
2015,NCT OF Delhi,SHALIMAR BAGH,BANDANA KUMARI,F,40,GEN,AAAP,62656,174417,120173,1,1,AAAP
2015,NCT OF Delhi,SHALIMAR BAGH,REKHA GUPTA,F,40,GEN,BJP,51678,174417,120173,2,0,BJP
2015,NCT OF Delhi,SHALIMAR BAGH,SULEKH AGGARWAL,M,42,GEN,INC,3200,174417,120173,7,0,INC
2015,NCT OF Delhi,SHALIMAR BAGH,LALIT KUMAR GAUTAM,M,34,GEN,BSP,892,174417,120173,10,0,OTHERS
2015,NCT OF Delhi,SHALIMAR BAGH,None of the Above,NULL,NULL,GEN,NOTA,627,174417,120173,11,0,OTHERS
2015,NCT OF Delhi,SHALIMAR BAGH,AVINASH KUMAR JHA,M,49,GEN,IND,430,174417,120173,12,0,OTHERS
2015,NCT OF Delhi,SHALIMAR BAGH,HARISH CHANDER TIWARI,M,63,GEN,IND,286,174417,120173,14,0,OTHERS
2015,NCT OF Delhi,SHALIMAR BAGH,ASHOK KUMAR,M,35,GEN,IND,219,174417,120173,15,0,OTHERS
2015,NCT OF Delhi,SHALIMAR BAGH,WAJID ALI,M,57,GEN,IND,90,174417,120173,17,0,OTHERS
2015,NCT OF Delhi,SHALIMAR BAGH,CA SATISH SINGAL,M,54,GEN,IND,86,174417,120173,18,0,OTHERS
2015,NCT OF Delhi,SHAKUR BASTI,SATYENDAR JAIN,M,50,GEN,AAAP,51530,147262,105899,1,1,AAAP
2015,NCT OF Delhi,SHAKUR BASTI,S C VATS,M,69,GEN,BJP,48397,147262,105899,2,0,BJP
2015,NCT OF Delhi,SHAKUR BASTI,CHAMAN LAL SHARMA,M,62,GEN,INC,4812,147262,105899,6,0,INC
2015,NCT OF Delhi,SHAKUR BASTI,None of the Above,NULL,NULL,GEN,NOTA,438,147262,105899,9,0,OTHERS
2015,NCT OF Delhi,SHAKUR BASTI,DR. AMAR NATH YADAV,M,66,GEN,kajp,234,147262,105899,10,0,OTHERS
2015,NCT OF Delhi,SHAKUR BASTI,LAXMAN,M,49,GEN,BSP,233,147262,105899,11,0,OTHERS
2015,NCT OF Delhi,SHAKUR BASTI,SAPNA SHARMA,F,42,GEN,NADP,103,147262,105899,18,0,OTHERS
2015,NCT OF Delhi,SHAKUR BASTI,JUGAL KISHOR,M,42,GEN,IND,87,147262,105899,19,0,OTHERS
2015,NCT OF Delhi,SHAKUR BASTI,SUNITA SACHDEVA,F,49,GEN,DJP,53,147262,105899,20,0,OTHERS
2015,NCT OF Delhi,TRI NAGAR,JITENDER SINGH TOMAR,M,48,GEN,AAAP,63012,158885,113196,1,1,AAAP
2015,NCT OF Delhi,TRI NAGAR,NAND KISHORE GARG,M,66,GEN,BJP,40701,158885,113196,2,0,BJP
2015,NCT OF Delhi,TRI NAGAR,ANIL BHARDWAJ,M,48,GEN,INC,7939,158885,113196,6,0,INC
2015,NCT OF Delhi,TRI NAGAR,None of the Above,NULL,NULL,GEN,NOTA,407,158885,113196,10,0,OTHERS
2015,NCT OF Delhi,TRI NAGAR,NITYA NAND SINGH,M,40,GEN,BSP,317,158885,113196,12,0,OTHERS
2015,NCT OF Delhi,TRI NAGAR,LALITA AGARWAL,F,51,GEN,IND,275,158885,113196,14,0,OTHERS
2015,NCT OF Delhi,TRI NAGAR,KHALID ALI,M,34,GEN,IND,139,158885,113196,18,0,OTHERS
2015,NCT OF Delhi,TRI NAGAR,MOHAMMAD SALEEM,M,26,GEN,NCP,101,158885,113196,20,0,OTHERS
2015,NCT OF Delhi,TRI NAGAR,NEELAM NIGAM,F,28,GEN,JD(U),80,158885,113196,24,0,OTHERS
2015,NCT OF Delhi,TRI NAGAR,NANDKISHOR PRASAD YADAV,M,31,GEN,IND,61,158885,113196,28,0,OTHERS
2015,NCT OF Delhi,TRI NAGAR,AMIT KUMAR,M,38,GEN,IND,33,158885,113196,29,0,OTHERS
2015,NCT OF Delhi,TRI NAGAR,SANDEEP KANSAL,M,25,GEN,SHS,28,158885,113196,30,0,OTHERS
2015,NCT OF Delhi,TRI NAGAR,MANISH KUKREJA,M,30,GEN,SASAPT,18,158885,113196,31,0,OTHERS
2015,NCT OF Delhi,TRI NAGAR,BASHIRUDDIN,M,69,GEN,AIMF,7,158885,113196,32,0,OTHERS
2015,NCT OF Delhi,WAZIRPUR,RAJESH GUPTA,M,36,GEN,AAAP,61208,163100,111591,1,1,AAAP
2015,NCT OF Delhi,WAZIRPUR,DR. MAHANDER NAGPAL,M,55,GEN,BJP,39164,163100,111591,2,0,BJP
2015,NCT OF Delhi,WAZIRPUR,HARI SHANKER GUPTA,M,58,GEN,INC,8371,163100,111591,6,0,INC
2015,NCT OF Delhi,WAZIRPUR,RAM DHANI,M,41,GEN,BSP,1185,163100,111591,9,0,OTHERS
2015,NCT OF Delhi,WAZIRPUR,RAJESH KUMAR,M,29,GEN,IND,547,163100,111591,12,0,OTHERS
2015,NCT OF Delhi,WAZIRPUR,None of the Above,NULL,NULL,GEN,NOTA,468,163100,111591,13,0,OTHERS
2015,NCT OF Delhi,WAZIRPUR,H.D. ANSARI,M,45,GEN,IND,231,163100,111591,16,0,OTHERS
2015,NCT OF Delhi,WAZIRPUR,AJAY KUMAR SINGH,M,39,GEN,CPI(ML)(L),183,163100,111591,18,0,OTHERS
2015,NCT OF Delhi,WAZIRPUR,SUNIL KUMAR,M,44,GEN,ASSP,70,163100,111591,23,0,OTHERS
2015,NCT OF Delhi,WAZIRPUR,MUNSHI LAL PARJAPATI,M,43,GEN,LPSP,62,163100,111591,24,0,OTHERS
2015,NCT OF Delhi,WAZIRPUR,INDARJEET YADAV,M,65,GEN,SASAPT,53,163100,111591,25,0,OTHERS
2015,NCT OF Delhi,WAZIRPUR,RAMESH CHANDRA,M,63,GEN,PSPARTY,43,163100,111591,26,0,OTHERS
2015,NCT OF Delhi,MODEL TOWN,AKHILESH PATI TRIPATHI,M,30,GEN,AAAP,54628,153672,104312,1,1,AAAP
2015,NCT OF Delhi,MODEL TOWN,VIVEK  GARG,M,44,GEN,BJP,37922,153672,104312,3,0,BJP
2015,NCT OF Delhi,MODEL TOWN,KANWAR KARAN SINGH,M,58,GEN,INC,8992,153672,104312,6,0,INC
2015,NCT OF Delhi,MODEL TOWN,GAUTAM,M,31,GEN,IND,1176,153672,104312,8,0,OTHERS
2015,NCT OF Delhi,MODEL TOWN,None of the Above,NULL,NULL,GEN,NOTA,690,153672,104312,10,0,OTHERS
2015,NCT OF Delhi,MODEL TOWN,JEETENDER,M,40,GEN,BSP,601,153672,104312,11,0,OTHERS
2015,NCT OF Delhi,MODEL TOWN,VINOD K. JAIN,M,61,GEN,IND,146,153672,104312,16,0,OTHERS
2015,NCT OF Delhi,MODEL TOWN,SACHIN JHA,M,26,GEN,IND,129,153672,104312,17,0,OTHERS
2015,NCT OF Delhi,SADAR BAZAR,SOM DUTT,M,39,GEN,AAAP,67507,165889,119312,1,1,AAAP
2015,NCT OF Delhi,SADAR BAZAR,PARVEEN KUMAR JAIN,M,58,GEN,BJP,33192,165889,119312,4,0,BJP
2015,NCT OF Delhi,SADAR BAZAR,AJAY MAKAN,M,51,GEN,INC,16331,165889,119312,6,0,INC
2015,NCT OF Delhi,SADAR BAZAR,MIRZA ALI RAZA,M,35,GEN,BSP,748,165889,119312,10,0,OTHERS
2015,NCT OF Delhi,SADAR BAZAR,None of the Above,NULL,NULL,GEN,NOTA,412,165889,119312,12,0,OTHERS
2015,NCT OF Delhi,SADAR BAZAR,MAN MOHAN,M,53,GEN,SHS,257,165889,119312,14,0,OTHERS
2015,NCT OF Delhi,SADAR BAZAR,GHANSHYAM DASS,M,58,GEN,IND,189,165889,119312,16,0,OTHERS
2015,NCT OF Delhi,SADAR BAZAR,PRASHANT YADAV,M,43,GEN,IND,172,165889,119312,17,0,OTHERS
2015,NCT OF Delhi,SADAR BAZAR,RITU KAUSHIK,F,34,GEN,SUCI,130,165889,119312,21,0,OTHERS
2015,NCT OF Delhi,SADAR BAZAR,AJAY,M,51,GEN,IND,119,165889,119312,22,0,OTHERS
2015,NCT OF Delhi,SADAR BAZAR,MOHD FURQAN,M,54,GEN,HCP,81,165889,119312,24,0,OTHERS
2015,NCT OF Delhi,SADAR BAZAR,DAL CHAND,M,53,GEN,IND,56,165889,119312,26,0,OTHERS
2015,NCT OF Delhi,SADAR BAZAR,VED PARKASH,M,44,GEN,ASSP,44,165889,119312,28,0,OTHERS
2015,NCT OF Delhi,SADAR BAZAR,MAHENDER PRATAP SINGH SIKARWAR,M,38,GEN,RPI(A),38,165889,119312,29,0,OTHERS
2015,NCT OF Delhi,CHANDNI CHOWK,ALKA  LAMBA,F,39,GEN,AAAP,36756,113784,74517,1,1,AAAP
2015,NCT OF Delhi,CHANDNI CHOWK,SUMAN KUMAR GUPTA,M,58,GEN,BJP,18469,113784,74517,3,0,BJP
2015,NCT OF Delhi,CHANDNI CHOWK,PARLAD SINGH SAWHNEY,M,64,GEN,INC,17930,113784,74517,5,0,INC
2015,NCT OF Delhi,CHANDNI CHOWK,None of the Above,NULL,NULL,GEN,NOTA,362,113784,74517,11,0,OTHERS
2015,NCT OF Delhi,CHANDNI CHOWK,MOHD. REHAN,M,34,GEN,BSP,217,113784,74517,12,0,OTHERS
2015,NCT OF Delhi,CHANDNI CHOWK,MOHD. NASEEM,M,52,GEN,NCP,212,113784,74517,13,0,OTHERS
2015,NCT OF Delhi,CHANDNI CHOWK,ASHOK KUMAR,M,44,GEN,ABHM,117,113784,74517,14,0,OTHERS
2015,NCT OF Delhi,CHANDNI CHOWK,TARUN,M,27,GEN,IND,111,113784,74517,15,0,OTHERS
2015,NCT OF Delhi,CHANDNI CHOWK,LAKHAN SINGH,M,45,GEN,IND,86,113784,74517,18,0,OTHERS
2015,NCT OF Delhi,CHANDNI CHOWK,ADIL MIRZA,M,40,GEN,IUML,63,113784,74517,22,0,OTHERS
2015,NCT OF Delhi,CHANDNI CHOWK,SANDEEP SHARMA,M,45,GEN,IND,57,113784,74517,25,0,OTHERS
2015,NCT OF Delhi,CHANDNI CHOWK,BALRAM BARI,M,47,GEN,IND,48,113784,74517,26,0,OTHERS
2015,NCT OF Delhi,CHANDNI CHOWK,PARMEET SINGH,M,35,GEN,IND,25,113784,74517,27,0,OTHERS
2015,NCT OF Delhi,CHANDNI CHOWK,ANIL ANAND,M,69,GEN,IND,23,113784,74517,29,0,OTHERS
2015,NCT OF Delhi,MATIA MAHAL,ASIM AHMED KHAN,M,38,GEN,AAAP,47584,115944,80348,1,1,AAAP
2015,NCT OF Delhi,MATIA MAHAL,SHOAIB IQBAL,M,56,GEN,INC,21488,115944,80348,3,0,INC
2015,NCT OF Delhi,MATIA MAHAL,SHAKEEL ANJUM DEHLVI,M,54,GEN,BJP,9105,115944,80348,6,0,BJP
2015,NCT OF Delhi,MATIA MAHAL,MOHD SAMI,M,41,GEN,IND,430,115944,80348,10,0,OTHERS
2015,NCT OF Delhi,MATIA MAHAL,RAVI ANAND,M,39,GEN,BSP,396,115944,80348,11,0,OTHERS
2015,NCT OF Delhi,MATIA MAHAL,UMAR FAROOQ,M,28,GEN,IND,215,115944,80348,15,0,OTHERS
2015,NCT OF Delhi,MATIA MAHAL,None of the Above,NULL,NULL,GEN,NOTA,203,115944,80348,16,0,OTHERS
2015,NCT OF Delhi,MATIA MAHAL,SHAFI DEHLVI,M,63,GEN,BMUP,164,115944,80348,17,0,OTHERS
2015,NCT OF Delhi,MATIA MAHAL,SHOAIB AHMED,M,39,GEN,IND,161,115944,80348,18,0,OTHERS
2015,NCT OF Delhi,MATIA MAHAL,IMRAN HUSAIN,M,40,GEN,IUML,131,115944,80348,20,0,OTHERS
2015,NCT OF Delhi,MATIA MAHAL,SHAHZAMAN,M,28,GEN,IND,122,115944,80348,21,0,OTHERS
2015,NCT OF Delhi,MATIA MAHAL,MOHAMMAD AHMED SAIFI,M,54,GEN,IND,91,115944,80348,25,0,OTHERS
2015,NCT OF Delhi,MATIA MAHAL,MEHFUZ KHAN,M,30,GEN,JKNPP,90,115944,80348,26,0,OTHERS
2015,NCT OF Delhi,MATIA MAHAL,C.P. SUNIL,M,41,GEN,GaRPa,45,115944,80348,32,0,OTHERS
2015,NCT OF Delhi,MATIA MAHAL,SHUEB AHMED KHAN,M,27,GEN,IND,43,115944,80348,33,0,OTHERS
2015,NCT OF Delhi,MATIA MAHAL,PREM NATH,M,52,GEN,IND,29,115944,80348,36,0,OTHERS
2015,NCT OF Delhi,MATIA MAHAL,MOAZAM KHAN,M,32,GEN,HCP,19,115944,80348,37,0,OTHERS
2015,NCT OF Delhi,MATIA MAHAL,TARIQ MIRZA,M,30,GEN,RPI(A),19,115944,80348,38,0,OTHERS
2015,NCT OF Delhi,BALLIMARAN,IMRAN HUSSAIN,M,33,GEN,AAAP,57118,140776,95663,1,1,AAAP
2015,NCT OF Delhi,BALLIMARAN,SHAYAM LAL MORWAL,M,59,GEN,BJP,23241,140776,95663,4,0,BJP
2015,NCT OF Delhi,BALLIMARAN,HAROON YUSUF,M,56,GEN,INC,13205,140776,95663,6,0,INC
2015,NCT OF Delhi,BALLIMARAN,ABDUL JABBAR,M,58,GEN,CPI,644,140776,95663,9,0,OTHERS
2015,NCT OF Delhi,BALLIMARAN,DILIP KUMAR,M,48,GEN,BSP,438,140776,95663,11,0,OTHERS
2015,NCT OF Delhi,BALLIMARAN,None of the Above,NULL,NULL,GEN,NOTA,304,140776,95663,13,0,OTHERS
2015,NCT OF Delhi,BALLIMARAN,DAULAT RAM,M,69,GEN,IND,142,140776,95663,17,0,OTHERS
2015,NCT OF Delhi,BALLIMARAN,MD.DANISH,M,32,GEN,RPI(A),130,140776,95663,19,0,OTHERS
2015,NCT OF Delhi,BALLIMARAN,MANISH KUMAR,M,36,GEN,NACP,120,140776,95663,21,0,OTHERS
2015,NCT OF Delhi,BALLIMARAN,KRISHAN KUMAR,M,44,GEN,IND,107,140776,95663,22,0,OTHERS
2015,NCT OF Delhi,BALLIMARAN,AARIF NABI,M,31,GEN,IND,91,140776,95663,25,0,OTHERS
2015,NCT OF Delhi,BALLIMARAN,RAJESH KUMAR,M,52,GEN,BMUP,61,140776,95663,28,0,OTHERS
2015,NCT OF Delhi,BALLIMARAN,PREM,M,44,GEN,bjdi,55,140776,95663,29,0,OTHERS
2015,NCT OF Delhi,KAROL BAGH,VISHESH RAVI,M,31,SC,AAAP,67429,164742,112819,1,1,AAAP
2015,NCT OF Delhi,KAROL BAGH,YOGENDER CHANDOLIYA,M,52,SC,BJP,34549,164742,112819,3,0,BJP
2015,NCT OF Delhi,KAROL BAGH,MADAN KHORWAL,M,59,SC,INC,9144,164742,112819,6,0,INC
2015,NCT OF Delhi,KAROL BAGH,YOGESH,M,35,SC,BSP,559,164742,112819,9,0,OTHERS
2015,NCT OF Delhi,KAROL BAGH,None of the Above,NULL,NULL,SC,NOTA,411,164742,112819,11,0,OTHERS
2015,NCT OF Delhi,KAROL BAGH,AMIT,M,35,SC,ABHM,182,164742,112819,12,0,OTHERS
2015,NCT OF Delhi,KAROL BAGH,PARDEEP KUMAR JATAV,M,40,SC,IND,175,164742,112819,13,0,OTHERS
2015,NCT OF Delhi,KAROL BAGH,SANJAY KUMAR AKARNIA,M,40,SC,IND,99,164742,112819,17,0,OTHERS
2015,NCT OF Delhi,KAROL BAGH,RANJAN KHATUMARIA,M,36,SC,IND,77,164742,112819,18,0,OTHERS
2015,NCT OF Delhi,KAROL BAGH,DEEPAK KUMAR,M,32,SC,IND,54,164742,112819,20,0,OTHERS
2015,NCT OF Delhi,KAROL BAGH,KISHORE KUMAR,M,54,SC,SHS,48,164742,112819,21,0,OTHERS
2015,NCT OF Delhi,KAROL BAGH,DHAN RAJ CHAUHAN,M,54,SC,NADP,24,164742,112819,22,0,OTHERS
2015,NCT OF Delhi,PATEL NAGAR,HAZARI LAL CHAUHAN,M,66,SC,AAAP,68868,171213,116645,1,1,AAAP
2015,NCT OF Delhi,PATEL NAGAR,KRISHNA TIRATH,F,59,SC,BJP,34230,171213,116645,3,0,BJP
2015,NCT OF Delhi,PATEL NAGAR,RAJESH LILOTHIA,M,49,SC,INC,10766,171213,116645,6,0,INC
2015,NCT OF Delhi,PATEL NAGAR,VEENA ANAND,F,48,SC,IND,1051,171213,116645,8,0,OTHERS
2015,NCT OF Delhi,PATEL NAGAR,ALOK NANDAN,M,28,SC,BSP,772,171213,116645,10,0,OTHERS
2015,NCT OF Delhi,PATEL NAGAR,None of the Above,NULL,NULL,SC,NOTA,469,171213,116645,11,0,OTHERS
2015,NCT OF Delhi,PATEL NAGAR,SURESH KUMAR,M,37,SC,IND,464,171213,116645,12,0,OTHERS
2015,NCT OF Delhi,MOTI NAGAR,SHIV CHARAN GOEL,M,53,GEN,AAAP,60223,162955,113378,1,1,AAAP
2015,NCT OF Delhi,MOTI NAGAR,SUBHASH SACHDEVA,M,59,GEN,BJP,45002,162955,113378,2,0,BJP
2015,NCT OF Delhi,MOTI NAGAR,RAJ KUMAR MAGGO,M,47,GEN,INC,6111,162955,113378,6,0,INC
2015,NCT OF Delhi,MOTI NAGAR,AVINASH GUPTA,M,40,GEN,BSP,666,162955,113378,9,0,OTHERS
2015,NCT OF Delhi,MOTI NAGAR,SANJEEV DIWAN,M,43,GEN,IND,566,162955,113378,11,0,OTHERS
2015,NCT OF Delhi,MOTI NAGAR,None of the Above,NULL,NULL,GEN,NOTA,471,162955,113378,12,0,OTHERS
2015,NCT OF Delhi,MOTI NAGAR,SANJEEV GUPTA,M,44,GEN,IND,321,162955,113378,14,0,OTHERS
2015,NCT OF Delhi,MADIPUR,GIRISH SONI,M,51,SC,AAAP,66571,163108,116313,1,1,AAAP
2015,NCT OF Delhi,MADIPUR,RAJ KUMAR,M,46,SC,BJP,37184,163108,116313,2,0,BJP
2015,NCT OF Delhi,MADIPUR,MALA RAM GANGWAL,M,65,SC,INC,10350,163108,116313,6,0,INC
2015,NCT OF Delhi,MADIPUR,None of the Above,NULL,NULL,SC,NOTA,601,163108,116313,9,0,OTHERS
2015,NCT OF Delhi,MADIPUR,LALA RAM,M,40,SC,BSP,600,163108,116313,10,0,OTHERS
2015,NCT OF Delhi,MADIPUR,JITENDER KUMAR,M,34,SC,PMPT,512,163108,116313,11,0,OTHERS
2015,NCT OF Delhi,MADIPUR,PURAN CHAND,M,35,SC,IND,477,163108,116313,12,0,OTHERS
2015,NCT OF Delhi,RAJOURI GARDEN,JARNAIL SINGH,M,41,GEN,AAAP,54916,163042,117977,1,1,AAAP
2015,NCT OF Delhi,RAJOURI GARDEN,MANJINDER SINGH SIRSA,M,43,GEN,SAD,44880,163042,117977,2,0,OTHERS
2015,NCT OF Delhi,RAJOURI GARDEN,A MEENAKSHI CHANDELA A,F,30,GEN,INC,14167,163042,117977,6,0,INC
2015,NCT OF Delhi,RAJOURI GARDEN,GURBAKSH SINGH,M,44,GEN,SHS,1706,163042,117977,9,0,OTHERS
2015,NCT OF Delhi,RAJOURI GARDEN,None of the Above,NULL,NULL,GEN,NOTA,649,163042,117977,12,0,OTHERS
2015,NCT OF Delhi,RAJOURI GARDEN,MOIN KHAN,M,39,GEN,BSP,384,163042,117977,14,0,OTHERS
2015,NCT OF Delhi,RAJOURI GARDEN,JARNAIL SINGH S/O AJIT SINGH,M,57,GEN,IND,382,163042,117977,15,0,OTHERS
2015,NCT OF Delhi,RAJOURI GARDEN,JARNAIL SINGH S/O SOHAN SINGH,M,60,GEN,IND,280,163042,117977,18,0,OTHERS
2015,NCT OF Delhi,RAJOURI GARDEN,SUMIT,M,30,GEN,IND,240,163042,117977,19,0,OTHERS
2015,NCT OF Delhi,RAJOURI GARDEN,SUMAN CHANDILA,F,39,GEN,IND,101,163042,117977,23,0,OTHERS
2015,NCT OF Delhi,RAJOURI GARDEN,LOKESH,M,31,GEN,IND,88,163042,117977,24,0,OTHERS
2015,NCT OF Delhi,RAJOURI GARDEN,LIVIS CHANDELA,M,30,GEN,IND,74,163042,117977,25,0,OTHERS
2015,NCT OF Delhi,RAJOURI GARDEN,PRAVEEN KUMAR,M,44,GEN,IND,39,163042,117977,26,0,OTHERS
2015,NCT OF Delhi,RAJOURI GARDEN,JASVINDRA SINGH,M,48,GEN,IND,36,163042,117977,27,0,OTHERS
2015,NCT OF Delhi,RAJOURI GARDEN,BHAGAT SINGH,M,31,GEN,IND,29,163042,117977,28,0,OTHERS
2015,NCT OF Delhi,HARI NAGAR,JAGDEEP SINGH,M,44,GEN,AAAP,65398,163708,111805,1,1,AAAP
2015,NCT OF Delhi,HARI NAGAR,AVTAR SINGH HIT,M,69,GEN,BJP,38954,163708,111805,2,0,BJP
2015,NCT OF Delhi,HARI NAGAR,CHANDER PARKASH,M,53,GEN,INC,6152,163708,111805,6,0,INC
2015,NCT OF Delhi,HARI NAGAR,None of the Above,NULL,NULL,GEN,NOTA,572,163708,111805,10,0,OTHERS
2015,NCT OF Delhi,HARI NAGAR,JAI PRAKASH MANAV,M,56,GEN,BSP,555,163708,111805,11,0,OTHERS
2015,NCT OF Delhi,HARI NAGAR,BALJEET KAUR,F,41,GEN,SHS,150,163708,111805,14,0,OTHERS
2015,NCT OF Delhi,TILAK NAGAR,JARNAIL SINGH,M,33,GEN,AAAP,57180,146940,103815,1,1,AAAP
2015,NCT OF Delhi,TILAK NAGAR,RAJIV BABBAR,M,45,GEN,BJP,37290,146940,103815,2,0,BJP
2015,NCT OF Delhi,TILAK NAGAR,DULI CHAND LOHIA,M,54,GEN,INC,7303,146940,103815,6,0,INC
2015,NCT OF Delhi,TILAK NAGAR,JARNAIL SINGH,M,42,GEN,IND,570,146940,103815,8,0,OTHERS
2015,NCT OF Delhi,TILAK NAGAR,None of the Above,NULL,NULL,GEN,NOTA,464,146940,103815,9,0,OTHERS
2015,NCT OF Delhi,TILAK NAGAR,RAJIV BABBAR,M,26,GEN,RABP,253,146940,103815,12,0,OTHERS
2015,NCT OF Delhi,TILAK NAGAR,VIJAY BAHADUR,M,61,GEN,BSP,250,146940,103815,13,0,OTHERS
2015,NCT OF Delhi,TILAK NAGAR,PRADEEP KUMAR LOHIA,M,31,GEN,IND,238,146940,103815,14,0,OTHERS
2015,NCT OF Delhi,TILAK NAGAR,VISHAL SHARMA,M,39,GEN,IND,80,146940,103815,18,0,OTHERS
2015,NCT OF Delhi,TILAK NAGAR,CHATTAR SINGH,M,40,GEN,SHS,68,146940,103815,21,0,OTHERS
2015,NCT OF Delhi,TILAK NAGAR,DULI CHAND,M,60,GEN,IND,48,146940,103815,22,0,OTHERS
2015,NCT OF Delhi,TILAK NAGAR,BABU SINGH DUKHIYA,M,58,GEN,HCP,37,146940,103815,23,0,OTHERS
2015,NCT OF Delhi,JANAKPURI,RAJESH RISHI,M,50,GEN,AAAP,71802,174133,124398,1,1,AAAP
2015,NCT OF Delhi,JANAKPURI,PROF. JAGDISH MUKHI,M,72,GEN,BJP,46222,174133,124398,2,0,BJP
2015,NCT OF Delhi,JANAKPURI,SURESH KUMAR,M,46,GEN,INC,4699,174133,124398,6,0,INC
2015,NCT OF Delhi,JANAKPURI,None of the Above,NULL,NULL,GEN,NOTA,483,174133,124398,10,0,OTHERS
2015,NCT OF Delhi,JANAKPURI,HARI PRAKASH SINGH,M,45,GEN,BSP,471,174133,124398,11,0,OTHERS
2015,NCT OF Delhi,JANAKPURI,RAVINDRA NATH TIWARI,M,34,GEN,IND,223,174133,124398,14,0,OTHERS
2015,NCT OF Delhi,JANAKPURI,ANIL GUPTA,M,49,GEN,IND,214,174133,124398,15,0,OTHERS
2015,NCT OF Delhi,JANAKPURI,RAJENDER SHARMA,M,58,GEN,HCP,162,174133,124398,16,0,OTHERS
2015,NCT OF Delhi,JANAKPURI,CHARANJIT SINGH SODHI,M,41,GEN,IND,63,174133,124398,21,0,OTHERS
2015,NCT OF Delhi,JANAKPURI,PARAMJIT SINGH SAINI,M,58,GEN,SHS,49,174133,124398,22,0,OTHERS
2015,NCT OF Delhi,VIKASPURI,MAHINDER YADAV,M,51,GEN,AAAP,132437,325246,211906,1,1,AAAP
2015,NCT OF Delhi,VIKASPURI,SANJAY SINGH,M,40,GEN,BJP,54772,325246,211906,4,0,BJP
2015,NCT OF Delhi,VIKASPURI,NAND KISHORE,M,44,GEN,INC,19540,325246,211906,6,0,INC
2015,NCT OF Delhi,VIKASPURI,RADHEY SHYAM,M,61,GEN,BSP,2139,325246,211906,8,0,OTHERS
2015,NCT OF Delhi,VIKASPURI,BHARTI SETH,F,51,GEN,IND,1106,325246,211906,12,0,OTHERS
2015,NCT OF Delhi,VIKASPURI,None of the Above,NULL,NULL,GEN,NOTA,790,325246,211906,13,0,OTHERS
2015,NCT OF Delhi,VIKASPURI,MOHD. NAEEM,M,64,GEN,NCP,291,325246,211906,17,0,OTHERS
2015,NCT OF Delhi,VIKASPURI,SUSHILA DAVI,F,38,GEN,IND,283,325246,211906,18,0,OTHERS
2015,NCT OF Delhi,VIKASPURI,ANSHU KUMAR,M,29,GEN,GaAP,252,325246,211906,19,0,OTHERS
2015,NCT OF Delhi,VIKASPURI,MONCHI,F,29,GEN,AMKP,192,325246,211906,21,0,OTHERS
2015,NCT OF Delhi,UTTAM NAGAR,NARESH BALYAN,M,38,GEN,AAAP,85881,232267,165231,1,1,AAAP
2015,NCT OF Delhi,UTTAM NAGAR,PAWAN SHARMA,M,55,GEN,BJP,55462,232267,165231,2,0,BJP
2015,NCT OF Delhi,UTTAM NAGAR,MUKESH SHARMA,M,50,GEN,INC,20703,232267,165231,6,0,INC
2015,NCT OF Delhi,UTTAM NAGAR,ABDUL HAMID BARSHID,M,60,GEN,BSP,884,232267,165231,10,0,OTHERS
2015,NCT OF Delhi,UTTAM NAGAR,None of the Above,NULL,NULL,GEN,NOTA,672,232267,165231,11,0,OTHERS
2015,NCT OF Delhi,UTTAM NAGAR,B. K. JHA,M,54,GEN,IND,332,232267,165231,12,0,OTHERS
2015,NCT OF Delhi,UTTAM NAGAR,NARENDER KUMAR,M,56,GEN,IND,295,232267,165231,13,0,OTHERS
2015,NCT OF Delhi,UTTAM NAGAR,JAGPAL SINGHAL,M,47,GEN,kajp,259,232267,165231,15,0,OTHERS
2015,NCT OF Delhi,UTTAM NAGAR,NARESH KUMAR,M,39,GEN,IND,228,232267,165231,17,0,OTHERS
2015,NCT OF Delhi,UTTAM NAGAR,SACHIN KAPOOR,M,38,GEN,IND,226,232267,165231,18,0,OTHERS
2015,NCT OF Delhi,UTTAM NAGAR,FAQIR CHAND VERMA,M,67,GEN,IND,142,232267,165231,21,0,OTHERS
2015,NCT OF Delhi,UTTAM NAGAR,SHYAM BHARTEEY,M,45,GEN,GaAP,96,232267,165231,23,0,OTHERS
2015,NCT OF Delhi,DWARKA,ADARSH SHASTRI,M,41,GEN,AAAP,79729,199223,134988,1,1,AAAP
2015,NCT OF Delhi,DWARKA,PARDUYMN RAJPUT,M,51,GEN,BJP,40363,199223,134988,3,0,BJP
2015,NCT OF Delhi,DWARKA,MAHABAL MISHRA,M,61,GEN,INC,12532,199223,134988,6,0,INC
2015,NCT OF Delhi,DWARKA,AMIT CHAUHAN,M,30,GEN,BSP,608,199223,134988,12,0,OTHERS
2015,NCT OF Delhi,DWARKA,None of the Above,NULL,NULL,GEN,NOTA,332,199223,134988,13,0,OTHERS
2015,NCT OF Delhi,DWARKA,PREMCHAND,M,55,GEN,CPM,264,199223,134988,14,0,OTHERS
2015,NCT OF Delhi,DWARKA,VIVEK KUMAR PANDEY,M,25,GEN,IND,242,199223,134988,15,0,OTHERS
2015,NCT OF Delhi,DWARKA,SUSHIL BHAGAT,M,25,GEN,NYP,219,199223,134988,17,0,OTHERS
2015,NCT OF Delhi,DWARKA,AJAY KUMAR,M,41,GEN,BVLP,178,199223,134988,18,0,OTHERS
2015,NCT OF Delhi,DWARKA,RAVI SINGH,M,36,GEN,IND,128,199223,134988,20,0,OTHERS
2015,NCT OF Delhi,DWARKA,SURENDER KUMAR,M,42,GEN,RKSP,94,199223,134988,21,0,OTHERS
2015,NCT OF Delhi,DWARKA,ADARSH KUMAR,M,28,GEN,IND,82,199223,134988,23,0,OTHERS
2015,NCT OF Delhi,DWARKA,GAUTAM KUMAR,M,26,GEN,IND,77,199223,134988,24,0,OTHERS
2015,NCT OF Delhi,DWARKA,MUKESH KUMAR TANWAR,M,46,GEN,IND,55,199223,134988,25,0,OTHERS
2015,NCT OF Delhi,DWARKA,KAMLESHWARI MISTRI,M,70,GEN,PBI,49,199223,134988,26,0,OTHERS
2015,NCT OF Delhi,MATIALA,GULAB SINGH,M,36,GEN,AAAP,127665,347390,232829,1,1,AAAP
2015,NCT OF Delhi,MATIALA,RAJESH GAHLOT,M,50,GEN,BJP,80661,347390,232829,2,0,BJP
2015,NCT OF Delhi,MATIALA,SUMESH SHOKEEN,M,41,GEN,INC,20284,347390,232829,6,0,INC
2015,NCT OF Delhi,MATIALA,None of the Above,NULL,NULL,GEN,NOTA,1102,347390,232829,9,0,OTHERS
2015,NCT OF Delhi,MATIALA,SURESH KUMAR PATEL,M,39,GEN,RBHP,728,347390,232829,11,0,OTHERS
2015,NCT OF Delhi,MATIALA,SANJAY KUMAR,M,39,GEN,BSP,723,347390,232829,12,0,OTHERS
2015,NCT OF Delhi,MATIALA,GULAB SINGH,M,65,GEN,IND,376,347390,232829,17,0,OTHERS
2015,NCT OF Delhi,MATIALA,RAM BILAS MISHRA,M,44,GEN,IND,221,347390,232829,20,0,OTHERS
2015,NCT OF Delhi,MATIALA,SHRIPAL,M,38,GEN,IND,188,347390,232829,22,0,OTHERS
2015,NCT OF Delhi,MATIALA,VIRENDRA KUMAR RAI,M,60,GEN,RJ,155,347390,232829,23,0,OTHERS
2015,NCT OF Delhi,MATIALA,RENU PODDAR,F,42,GEN,PBI,127,347390,232829,26,0,OTHERS
2015,NCT OF Delhi,MATIALA,RAJESH KUMAR GAHLOT,M,38,GEN,IND,125,347390,232829,27,0,OTHERS
2015,NCT OF Delhi,MATIALA,RAM CHARAN SAHANI,M,25,GEN,ShRP,71,347390,232829,33,0,OTHERS
2015,NCT OF Delhi,MATIALA,RAJESH,M,30,GEN,IND,55,347390,232829,34,0,OTHERS
2015,NCT OF Delhi,NAJAFGARH,KAILASH GAHLOT,M,40,GEN,AAAP,55598,232919,160765,1,1,AAAP
2015,NCT OF Delhi,NAJAFGARH,BHARAT SINGH,M,36,GEN,INLD,54043,232919,160765,3,0,OTHERS
2015,NCT OF Delhi,NAJAFGARH,AJEET SINGH KHARKHARI,M,59,GEN,BJP,39462,232919,160765,5,0,BJP
2015,NCT OF Delhi,NAJAFGARH,JAI KISHAN SHARMA,M,63,GEN,INC,8180,232919,160765,8,0,INC
2015,NCT OF Delhi,NAJAFGARH,RAM SINGH,M,52,GEN,BSP,1108,232919,160765,11,0,OTHERS
2015,NCT OF Delhi,NAJAFGARH,None of the Above,NULL,NULL,GEN,NOTA,535,232919,160765,13,0,OTHERS
2015,NCT OF Delhi,NAJAFGARH,BHARAT SINGH,M,61,GEN,IND,391,232919,160765,15,0,OTHERS
2015,NCT OF Delhi,NAJAFGARH,BAIDYANATH SAH,M,49,GEN,PBI,350,232919,160765,16,0,OTHERS
2015,NCT OF Delhi,NAJAFGARH,INDERJEET,M,39,GEN,IND,295,232919,160765,18,0,OTHERS
2015,NCT OF Delhi,NAJAFGARH,LALIT VASHIST,M,38,GEN,IND,259,232919,160765,19,0,OTHERS
2015,NCT OF Delhi,NAJAFGARH,DHARAMBIR SINGH,M,49,GEN,IND,132,232919,160765,23,0,OTHERS
2015,NCT OF Delhi,NAJAFGARH,KAILASH CHAND,M,51,GEN,IND,85,232919,160765,24,0,OTHERS
2015,NCT OF Delhi,NAJAFGARH,AJIT SINGH,M,38,GEN,RBHP,74,232919,160765,25,0,OTHERS
2015,NCT OF Delhi,NAJAFGARH,NEELAM,F,41,GEN,IND,70,232919,160765,26,0,OTHERS
2015,NCT OF Delhi,BIJWASAN,COL DEVINDER SEHRAWAT,M,49,GEN,AAAP,65006,186529,118288,1,1,AAAP
2015,NCT OF Delhi,BIJWASAN,SAT PRAKASH RANA,M,49,GEN,BJP,45470,186529,118288,2,0,BJP
2015,NCT OF Delhi,BIJWASAN,VIJAY SINGH LOCHAV,M,64,GEN,INC,5258,186529,118288,7,0,INC
2015,NCT OF Delhi,BIJWASAN,IMTIAZ,M,36,GEN,IND,926,186529,118288,9,0,OTHERS
2015,NCT OF Delhi,BIJWASAN,YOGESH GAUR,M,62,GEN,BSP,641,186529,118288,11,0,OTHERS
2015,NCT OF Delhi,BIJWASAN,None of the Above,NULL,NULL,GEN,NOTA,496,186529,118288,13,0,OTHERS
2015,NCT OF Delhi,BIJWASAN,PANKAJ KUMAR,M,30,GEN,INLD,421,186529,118288,14,0,OTHERS
2015,NCT OF Delhi,PALAM,BHAVNA GAUR,F,44,GEN,AAAP,82637,227210,147708,1,1,AAAP
2015,NCT OF Delhi,PALAM,DHARM DEV SOLANKI,M,63,GEN,BJP,51788,227210,147708,2,0,BJP
2015,NCT OF Delhi,PALAM,MADAN MOHAN,M,45,GEN,INC,10529,227210,147708,7,0,INC
2015,NCT OF Delhi,PALAM,RANBIR SINGH SOLANKI,M,50,GEN,BSP,900,227210,147708,11,0,OTHERS
2015,NCT OF Delhi,PALAM,DALIP KUMAR,M,35,GEN,CPI,488,227210,147708,13,0,OTHERS
2015,NCT OF Delhi,PALAM,None of the Above,NULL,NULL,GEN,NOTA,474,227210,147708,14,0,OTHERS
2015,NCT OF Delhi,PALAM,VINOD KUMAR SACHAN,M,58,GEN,IND,460,227210,147708,15,0,OTHERS
2015,NCT OF Delhi,PALAM,SANJAY KUMAR SINGH,M,47,GEN,IND,164,227210,147708,20,0,OTHERS
2015,NCT OF Delhi,PALAM,KASHI NATH SAH,M,39,GEN,IND,155,227210,147708,21,0,OTHERS
2015,NCT OF Delhi,PALAM,SHIV KUMAR SAXENA,M,30,GEN,HCP,76,227210,147708,22,0,OTHERS
2015,NCT OF Delhi,DELHI CANTT,SURENDER SINGH,M,36,GEN,AAAP,40133,132233,77470,1,1,AAAP
2015,NCT OF Delhi,DELHI CANTT,KARAN SINGH TANWAR,M,62,GEN,BJP,28935,132233,77470,2,0,BJP
2015,NCT OF Delhi,DELHI CANTT,SANDEEP TANWAR,M,38,GEN,INC,7087,132233,77470,6,0,INC
2015,NCT OF Delhi,DELHI CANTT,GAYAN CHAND,M,58,GEN,BSP,467,132233,77470,9,0,OTHERS
2015,NCT OF Delhi,DELHI CANTT,None of the Above,NULL,NULL,GEN,NOTA,326,132233,77470,10,0,OTHERS
2015,NCT OF Delhi,DELHI CANTT,ANIL KUMAR TANWAR,M,40,GEN,IND,210,132233,77470,11,0,OTHERS
2015,NCT OF Delhi,DELHI CANTT,SANDEEP,M,36,GEN,IND,98,132233,77470,16,0,OTHERS
2015,NCT OF Delhi,DELHI CANTT,HEERA LAL,M,49,GEN,IND,93,132233,77470,18,0,OTHERS
2015,NCT OF Delhi,DELHI CANTT,NARESH KUMAR SHARMA,M,38,GEN,HCP,45,132233,77470,19,0,OTHERS
2015,NCT OF Delhi,DELHI CANTT,MAHESH BHARDWAJ,M,66,GEN,IND,26,132233,77470,22,0,OTHERS
2015,NCT OF Delhi,DELHI CANTT,RAJ KUMAR SAINI,M,50,GEN,IND,24,132233,77470,23,0,OTHERS
2015,NCT OF Delhi,RAJINDER NAGAR,VIJENDER GARG VIJAY,M,51,GEN,AAAP,61354,182529,114981,1,1,AAAP
2015,NCT OF Delhi,RAJINDER NAGAR,R. P. SINGH,M,53,GEN,BJP,41303,182529,114981,2,0,BJP
2015,NCT OF Delhi,RAJINDER NAGAR,BRAHM YADAV,M,62,GEN,INC,8971,182529,114981,6,0,INC
2015,NCT OF Delhi,RAJINDER NAGAR,PREM SINGH,M,46,GEN,BSP,1467,182529,114981,9,0,OTHERS
2015,NCT OF Delhi,RAJINDER NAGAR,None of the Above,NULL,NULL,GEN,NOTA,472,182529,114981,11,0,OTHERS
2015,NCT OF Delhi,RAJINDER NAGAR,SHABBIR KHAN,M,53,GEN,IND,412,182529,114981,12,0,OTHERS
2015,NCT OF Delhi,RAJINDER NAGAR,SWADESH OHRI,M,74,GEN,ATBP,278,182529,114981,15,0,OTHERS
2015,NCT OF Delhi,RAJINDER NAGAR,SUNIL KUMAR,M,40,GEN,NADP,232,182529,114981,17,0,OTHERS
2015,NCT OF Delhi,RAJINDER NAGAR,SARITA KUMARI,F,44,GEN,IND,226,182529,114981,18,0,OTHERS
2015,NCT OF Delhi,RAJINDER NAGAR,ASLAM PARVEZ KHAN,M,45,GEN,IND,97,182529,114981,27,0,OTHERS
2015,NCT OF Delhi,RAJINDER NAGAR,SARFUDDIN ALAM,M,42,GEN,IND,95,182529,114981,28,0,OTHERS
2015,NCT OF Delhi,NEW DELHI,ARVIND KEJRIWAL,M,46,GEN,AAAP,57213,137924,89265,1,1,AAAP
2015,NCT OF Delhi,NEW DELHI,NUPUR SHARMA,F,29,GEN,BJP,25630,137924,89265,3,0,BJP
2015,NCT OF Delhi,NEW DELHI,KIRAN WALIA,F,70,GEN,INC,4781,137924,89265,6,0,INC
2015,NCT OF Delhi,NEW DELHI,None of the Above,NULL,NULL,GEN,NOTA,465,137924,89265,8,0,OTHERS
2015,NCT OF Delhi,NEW DELHI,SWAMI OM JI,M,58,GEN,ABHM,373,137924,89265,10,0,OTHERS
2015,NCT OF Delhi,NEW DELHI,ANIL KUMAR,M,38,GEN,IND,192,137924,89265,14,0,OTHERS
2015,NCT OF Delhi,NEW DELHI,RAKESH KUMAR,M,38,GEN,BSP,168,137924,89265,15,0,OTHERS
2015,NCT OF Delhi,NEW DELHI,RAVI KUMAR,M,29,GEN,NCP,100,137924,89265,16,0,OTHERS
2015,NCT OF Delhi,NEW DELHI,SUNIL KUMAR KANDUKURI,M,29,GEN,IND,94,137924,89265,17,0,OTHERS
2015,NCT OF Delhi,NEW DELHI,MOHD. SIRAJ SAHIL,M,45,GEN,SASAPT,48,137924,89265,22,0,OTHERS
2015,NCT OF Delhi,NEW DELHI,SANJEEV CHHIBBER,M,51,GEN,NADP,45,137924,89265,23,0,OTHERS
2015,NCT OF Delhi,NEW DELHI,AJIT,M,26,GEN,GaAP,34,137924,89265,26,0,OTHERS
2015,NCT OF Delhi,NEW DELHI,SANDEEP SRIVASTAVA,M,48,GEN,IND,34,137924,89265,27,0,OTHERS
2015,NCT OF Delhi,NEW DELHI,PROFESSOR R N SINGH,M,57,GEN,VSP,30,137924,89265,28,0,OTHERS
2015,NCT OF Delhi,JANGPURA,PRAVEEN KUMAR,M,30,GEN,AAAP,43927,142038,91329,1,1,AAAP
2015,NCT OF Delhi,JANGPURA,MANINDER SINGH DHIR,M,62,GEN,BJP,23477,142038,91329,4,0,BJP
2015,NCT OF Delhi,JANGPURA,TARVINDER SINGH MARWAH,M,55,GEN,INC,22662,142038,91329,5,0,INC
2015,NCT OF Delhi,JANGPURA,ASHOK,M,47,GEN,BSP,382,142038,91329,10,0,OTHERS
2015,NCT OF Delhi,JANGPURA,None of the Above,NULL,NULL,GEN,NOTA,314,142038,91329,11,0,OTHERS
2015,NCT OF Delhi,JANGPURA,ANIL KUMAR,M,42,GEN,IND,164,142038,91329,15,0,OTHERS
2015,NCT OF Delhi,JANGPURA,YOGESH TALWAR,M,37,GEN,IND,127,142038,91329,16,0,OTHERS
2015,NCT OF Delhi,JANGPURA,ANIL  SINGH,M,27,GEN,SHS,118,142038,91329,18,0,OTHERS
2015,NCT OF Delhi,JANGPURA,PARVEEN ARORA,M,45,GEN,IND,90,142038,91329,19,0,OTHERS
2015,NCT OF Delhi,JANGPURA,VISHWANATH,M,35,GEN,NADP,43,142038,91329,22,0,OTHERS
2015,NCT OF Delhi,KASTURBA NAGAR,MADAN LAL,M,58,GEN,AAAP,50766,148043,98532,1,1,AAAP
2015,NCT OF Delhi,KASTURBA NAGAR,RAVINDER  CHOUDHRY,M,44,GEN,BJP,34870,148043,98532,2,0,BJP
2015,NCT OF Delhi,KASTURBA NAGAR,NEERAJ BASOYA,M,39,GEN,INC,11233,148043,98532,6,0,INC
2015,NCT OF Delhi,KASTURBA NAGAR,None of the Above,NULL,NULL,GEN,NOTA,423,148043,98532,9,0,OTHERS
2015,NCT OF Delhi,KASTURBA NAGAR,RAMESH KUMARI,F,51,GEN,BSP,317,148043,98532,10,0,OTHERS
2015,NCT OF Delhi,KASTURBA NAGAR,BRIJ PAL,M,46,GEN,IND,281,148043,98532,11,0,OTHERS
2015,NCT OF Delhi,KASTURBA NAGAR,BEER SINGH NEGI,M,54,GEN,SSGP,276,148043,98532,12,0,OTHERS
2015,NCT OF Delhi,KASTURBA NAGAR,BISWAMBAR NAYAK,M,43,GEN,IND,83,148043,98532,17,0,OTHERS
2015,NCT OF Delhi,KASTURBA NAGAR,REKHA WADHWA,F,44,GEN,IND,73,148043,98532,18,0,OTHERS
2015,NCT OF Delhi,KASTURBA NAGAR,LAXMI DEVI,F,32,GEN,BMUP,56,148043,98532,19,0,OTHERS
2015,NCT OF Delhi,KASTURBA NAGAR,WG. CDR. (RETD.) K. K .VERMA,M,53,GEN,NADP,34,148043,98532,20,0,OTHERS
2015,NCT OF Delhi,KASTURBA NAGAR,MUKESH KUMAR SAXENA,M,54,GEN,IND,32,148043,98532,21,0,OTHERS
2015,NCT OF Delhi,KASTURBA NAGAR,SUBHASH KANSAL,M,54,GEN,HCP,26,148043,98532,22,0,OTHERS
2015,NCT OF Delhi,MALVIYA NAGAR,SOMNATH BHARTI,M,40,GEN,AAAP,51196,139987,93156,1,1,AAAP
2015,NCT OF Delhi,MALVIYA NAGAR,DR. NANDANI SHARMA,F,45,GEN,BJP,35299,139987,93156,2,0,BJP
2015,NCT OF Delhi,MALVIYA NAGAR,DR. YOGANAND SHASTRI,M,69,GEN,INC,5555,139987,93156,6,0,INC
2015,NCT OF Delhi,MALVIYA NAGAR,None of the Above,NULL,NULL,GEN,NOTA,375,139987,93156,10,0,OTHERS
2015,NCT OF Delhi,MALVIYA NAGAR,DR. SUMAN DHARMVIR,F,45,GEN,BSP,293,139987,93156,11,0,OTHERS
2015,NCT OF Delhi,MALVIYA NAGAR,MARKNDAY SHARMA,M,31,GEN,NavP,184,139987,93156,14,0,OTHERS
2015,NCT OF Delhi,MALVIYA NAGAR,SOMNATH,M,47,GEN,IND,129,139987,93156,17,0,OTHERS
2015,NCT OF Delhi,MALVIYA NAGAR,RAMA KANT SHARMA,M,38,GEN,IND,74,139987,93156,20,0,OTHERS
2015,NCT OF Delhi,R K PURAM,PARMILA TOKAS,F,37,GEN,AAAP,54645,150141,96298,1,1,AAAP
2015,NCT OF Delhi,R K PURAM,ANIL KUMAR SHARMA,M,43,GEN,BJP,35577,150141,96298,2,0,BJP
2015,NCT OF Delhi,R K PURAM,LILA DHAR BHATT,M,46,GEN,INC,4042,150141,96298,7,0,INC
2015,NCT OF Delhi,R K PURAM,MAHIPAL SINGH,M,52,GEN,BSP,828,150141,96298,8,0,OTHERS
2015,NCT OF Delhi,R K PURAM,None of the Above,NULL,NULL,GEN,NOTA,462,150141,96298,10,0,OTHERS
2015,NCT OF Delhi,R K PURAM,KUSHMA DEVI,F,37,GEN,IND,234,150141,96298,11,0,OTHERS
2015,NCT OF Delhi,R K PURAM,RAKESH KUMAR,M,45,GEN,HND,133,150141,96298,15,0,OTHERS
2015,NCT OF Delhi,R K PURAM,UDAIBIR SINGH TOKAS,M,52,GEN,HCP,120,150141,96298,16,0,OTHERS
2015,NCT OF Delhi,R K PURAM,RAI SINGH,M,57,GEN,RtrSP,59,150141,96298,20,0,OTHERS
2015,NCT OF Delhi,R K PURAM,KULDEEP SINGH AHLAWAT,M,52,GEN,IND,54,150141,96298,21,0,OTHERS
2015,NCT OF Delhi,R K PURAM,M G RADHAKRISHNAN,M,42,GEN,PMPT,43,150141,96298,22,0,OTHERS
2015,NCT OF Delhi,R K PURAM,K JEEVAN RITA MURTHY,F,46,GEN,RPI(A),38,150141,96298,24,0,OTHERS
2015,NCT OF Delhi,R K PURAM,ASIF KHAN,M,35,GEN,IND,21,150141,96298,26,0,OTHERS
2015,NCT OF Delhi,MEHRAULI,NARESH YADAV,M,42,GEN,AAAP,58125,181393,113838,1,1,AAAP
2015,NCT OF Delhi,MEHRAULI,SARITA CHAUDHARY,F,41,GEN,BJP,41174,181393,113838,2,0,BJP
2015,NCT OF Delhi,MEHRAULI,SATBIR SINGH,M,60,GEN,INC,12065,181393,113838,6,0,INC
2015,NCT OF Delhi,MEHRAULI,D.K.CHOPRA,M,61,GEN,IND,1220,181393,113838,8,0,OTHERS
2015,NCT OF Delhi,MEHRAULI,None of the Above,NULL,NULL,GEN,NOTA,553,181393,113838,11,0,OTHERS
2015,NCT OF Delhi,MEHRAULI,SAROJ VERMA,F,49,GEN,BSP,550,181393,113838,12,0,OTHERS
2015,NCT OF Delhi,MEHRAULI,VICHITRA GUPTA,F,42,GEN,IND,143,181393,113838,14,0,OTHERS
2015,NCT OF Delhi,CHHATARPUR,KARTAR SINGH TANWAR,M,52,GEN,AAAP,67645,185092,124640,1,1,AAAP
2015,NCT OF Delhi,CHHATARPUR,BRAHM SINGH TANWAR,M,62,GEN,BJP,45405,185092,124640,3,0,BJP
2015,NCT OF Delhi,CHHATARPUR,BALRAM TANWAR,M,57,GEN,INC,9339,185092,124640,6,0,INC
2015,NCT OF Delhi,CHHATARPUR,AMIT VAID,M,41,GEN,RLD,627,185092,124640,10,0,OTHERS
2015,NCT OF Delhi,CHHATARPUR,None of the Above,NULL,NULL,GEN,NOTA,547,185092,124640,11,0,OTHERS
2015,NCT OF Delhi,CHHATARPUR,BIJENDER,M,48,GEN,BSP,503,185092,124640,12,0,OTHERS
2015,NCT OF Delhi,CHHATARPUR,SANJAY KUMAR SINGH,M,46,GEN,IND,267,185092,124640,14,0,OTHERS
2015,NCT OF Delhi,CHHATARPUR,DINESH TANWAR,M,35,GEN,IND,171,185092,124640,17,0,OTHERS
2015,NCT OF Delhi,CHHATARPUR,ARCHANA YADAV,F,30,GEN,SHS,98,185092,124640,18,0,OTHERS
2015,NCT OF Delhi,DEOLI,PRAKASH,M,26,SC,AAAP,96530,202275,136721,1,1,AAAP
2015,NCT OF Delhi,DEOLI,ARVIND KUMAR,M,38,SC,BJP,32593,202275,136721,4,0,BJP
2015,NCT OF Delhi,DEOLI,RAJESH CHAUHAN,M,44,SC,INC,4968,202275,136721,6,0,INC
2015,NCT OF Delhi,DEOLI,DALCHAND KAPIL,M,53,SC,BSP,1569,202275,136721,8,0,OTHERS
2015,NCT OF Delhi,DEOLI,None of the Above,NULL,NULL,SC,NOTA,502,202275,136721,11,0,OTHERS
2015,NCT OF Delhi,DEOLI,PADMA RANI,F,47,SC,HCP,318,202275,136721,12,0,OTHERS
2015,NCT OF Delhi,DEOLI,SIYARAM RAJORA,M,45,SC,SASAPT,223,202275,136721,13,0,OTHERS
2015,NCT OF Delhi,AMBEDKAR NAGAR,AJAY DUTT,M,39,SC,AAAP,66632,139676,97491,1,1,AAAP
2015,NCT OF Delhi,AMBEDKAR NAGAR,ASHOK KUMAR,M,54,SC,BJP,24172,139676,97491,4,0,BJP
2015,NCT OF Delhi,AMBEDKAR NAGAR,CH. PREM SINGH,M,82,SC,INC,5336,139676,97491,6,0,INC
2015,NCT OF Delhi,AMBEDKAR NAGAR,RAJBIR,M,57,SC,BSP,815,139676,97491,8,0,OTHERS
2015,NCT OF Delhi,AMBEDKAR NAGAR,None of the Above,NULL,NULL,SC,NOTA,481,139676,97491,10,0,OTHERS
2015,NCT OF Delhi,SANGAM VIHAR,DINESH MOHANIYA,M,35,GEN,AAAP,72131,164019,109373,1,1,AAAP
2015,NCT OF Delhi,SANGAM VIHAR,SHIV CHARAN LAL GUPTA,M,61,GEN,BJP,28143,164019,109373,2,0,BJP
2015,NCT OF Delhi,SANGAM VIHAR,VISHAN SWAROOP AGGARWAL,M,48,GEN,INC,3423,164019,109373,8,0,INC
2015,NCT OF Delhi,SANGAM VIHAR,SHISH PAL SINGH,M,57,GEN,BSP,3146,164019,109373,9,0,OTHERS
2015,NCT OF Delhi,SANGAM VIHAR,SHAHID,M,36,GEN,IND,503,164019,109373,13,0,OTHERS
2015,NCT OF Delhi,SANGAM VIHAR,None of the Above,NULL,NULL,GEN,NOTA,467,164019,109373,15,0,OTHERS
2015,NCT OF Delhi,SANGAM VIHAR,DINESH PRASAD JAISWAL,M,35,GEN,SASAPT,323,164019,109373,16,0,OTHERS
2015,NCT OF Delhi,SANGAM VIHAR,SANDEEP KUMAR,M,25,GEN,IND,287,164019,109373,18,0,OTHERS
2015,NCT OF Delhi,SANGAM VIHAR,SUKHVIR SINGH,M,42,GEN,IND,241,164019,109373,21,0,OTHERS
2015,NCT OF Delhi,SANGAM VIHAR,PRADEEP CHAND,M,37,GEN,SAAFP,179,164019,109373,24,0,OTHERS
2015,NCT OF Delhi,SANGAM VIHAR,RAMAWATI,F,37,GEN,IND,146,164019,109373,27,0,OTHERS
2015,NCT OF Delhi,SANGAM VIHAR,PRAWEEN PRAKASH BHARDWAJ,M,40,GEN,PMPT,113,164019,109373,28,0,OTHERS
2015,NCT OF Delhi,SANGAM VIHAR,PRADEEP,M,29,GEN,HCP,90,164019,109373,30,0,OTHERS
2015,NCT OF Delhi,SANGAM VIHAR,NAZUKAR KHAN,M,41,GEN,IND,70,164019,109373,31,0,OTHERS
2015,NCT OF Delhi,SANGAM VIHAR,PRADEEP KUMAR,M,41,GEN,RBCP,60,164019,109373,33,0,OTHERS
2015,NCT OF Delhi,SANGAM VIHAR,RAMAASARE YADAV,M,30,GEN,NADP,36,164019,109373,34,0,OTHERS
2015,NCT OF Delhi,GREATER KAILASH,SAURABH BHARADWAJ,M,33,GEN,AAAP,57589,162072,108085,1,1,AAAP
2015,NCT OF Delhi,GREATER KAILASH,RAKESH KUMAR GULLAIYA,M,45,GEN,BJP,43006,162072,108085,3,0,BJP
2015,NCT OF Delhi,GREATER KAILASH,SHARMISTHA MUKHERJEE,F,49,GEN,INC,6102,162072,108085,6,0,INC
2015,NCT OF Delhi,GREATER KAILASH,None of the Above,NULL,NULL,GEN,NOTA,443,162072,108085,9,0,OTHERS
2015,NCT OF Delhi,GREATER KAILASH,ADITYA,M,27,GEN,BSP,239,162072,108085,12,0,OTHERS
2015,NCT OF Delhi,GREATER KAILASH,ASHOK KUMAR,M,45,GEN,SaPP,238,162072,108085,13,0,OTHERS
2015,NCT OF Delhi,GREATER KAILASH,SANJAY KHATRI,M,46,GEN,IND,228,162072,108085,14,0,OTHERS
2015,NCT OF Delhi,GREATER KAILASH,ROHIT TYAGI,M,26,GEN,NCP,116,162072,108085,15,0,OTHERS
2015,NCT OF Delhi,GREATER KAILASH,ASHOK KUMAR SHARMA,M,58,GEN,SHS,76,162072,108085,16,0,OTHERS
2015,NCT OF Delhi,KALKAJI,AVTAR SINGH KALKAJI,M,51,GEN,AAAP,55104,164318,106558,1,1,AAAP
2015,NCT OF Delhi,KALKAJI,HARMEET SINGH KALKA,M,47,GEN,BJP,35335,164318,106558,2,0,BJP
2015,NCT OF Delhi,KALKAJI,SUBHASH CHOPRA,M,67,GEN,INC,13552,164318,106558,6,0,INC
2015,NCT OF Delhi,KALKAJI,AVTAR SINGH,M,39,GEN,IND,666,164318,106558,9,0,OTHERS
2015,NCT OF Delhi,KALKAJI,None of the Above,NULL,NULL,GEN,NOTA,528,164318,106558,11,0,OTHERS
2015,NCT OF Delhi,KALKAJI,SHASHI PRATAP,M,49,GEN,BSP,491,164318,106558,12,0,OTHERS
2015,NCT OF Delhi,KALKAJI,SANJAY AGARWAL,M,45,GEN,IND,301,164318,106558,13,0,OTHERS
2015,NCT OF Delhi,KALKAJI,R. SINGH CHOUDHARY,M,42,GEN,IND,205,164318,106558,14,0,OTHERS
2015,NCT OF Delhi,KALKAJI,DR. ANIL KUMAR,M,32,GEN,SASAPT,181,164318,106558,15,0,OTHERS
2015,NCT OF Delhi,KALKAJI,GURDEEP SINGH,M,42,GEN,IND,118,164318,106558,20,0,OTHERS
2015,NCT OF Delhi,KALKAJI,DR. KAILASH SHANKER TRIVEDI,M,65,GEN,IND,63,164318,106558,23,0,OTHERS
2015,NCT OF Delhi,TUGHLAKABAD,SAHI RAM,M,53,GEN,AAAP,64311,155327,103087,1,1,AAAP
2015,NCT OF Delhi,TUGHLAKABAD,VIKRAM BIDHURI,M,38,GEN,BJP,30610,155327,103087,3,0,BJP
2015,NCT OF Delhi,TUGHLAKABAD,SACHIN,M,30,GEN,INC,4269,155327,103087,7,0,INC
2015,NCT OF Delhi,TUGHLAKABAD,GIRRAJ SINGH,M,54,GEN,BSP,2015,155327,103087,8,0,OTHERS
2015,NCT OF Delhi,TUGHLAKABAD,MANOJ KUMAR RAY,M,31,GEN,IND,549,155327,103087,10,0,OTHERS
2015,NCT OF Delhi,TUGHLAKABAD,None of the Above,NULL,NULL,GEN,NOTA,383,155327,103087,13,0,OTHERS
2015,NCT OF Delhi,TUGHLAKABAD,ABDUL BASIT,M,36,GEN,RJD,236,155327,103087,14,0,OTHERS
2015,NCT OF Delhi,TUGHLAKABAD,SACHIN KUMAR,M,27,GEN,IND,223,155327,103087,15,0,OTHERS
2015,NCT OF Delhi,TUGHLAKABAD,SHALINI,F,47,GEN,RBCP,177,155327,103087,18,0,OTHERS
2015,NCT OF Delhi,TUGHLAKABAD,TEJPAL SINGH,M,38,GEN,IND,173,155327,103087,19,0,OTHERS
2015,NCT OF Delhi,TUGHLAKABAD,REKHA SINGH,F,43,GEN,IND,111,155327,103087,21,0,OTHERS
2015,NCT OF Delhi,BADARPUR,NARAYAN DUTT SHARMA,M,42,GEN,AAAP,94242,260887,170443,1,1,AAAP
2015,NCT OF Delhi,BADARPUR,RAMVIR SINGH BIDHURI,M,62,GEN,BJP,46659,260887,170443,2,0,BJP
2015,NCT OF Delhi,BADARPUR,RAM SINGH NETAJI,M,59,GEN,INC,18930,260887,170443,7,0,INC
2015,NCT OF Delhi,BADARPUR,NAR SINGH SHAH,M,42,GEN,BSP,8082,260887,170443,8,0,OTHERS
2015,NCT OF Delhi,BADARPUR,PRAKASH SINGH RAWAT,M,27,GEN,IND,1088,260887,170443,10,0,OTHERS
2015,NCT OF Delhi,BADARPUR,None of the Above,NULL,NULL,GEN,NOTA,562,260887,170443,12,0,OTHERS
2015,NCT OF Delhi,BADARPUR,PHUL KUMAR JHA,M,38,GEN,SASAPT,350,260887,170443,15,0,OTHERS
2015,NCT OF Delhi,BADARPUR,PRAMOD KUMAR,M,30,GEN,IND,267,260887,170443,17,0,OTHERS
2015,NCT OF Delhi,BADARPUR,OM PRAKASH GUPTA,M,62,GEN,IND,221,260887,170443,21,0,OTHERS
2015,NCT OF Delhi,OKHLA,AMANATULLAH KHAN,M,41,GEN,AAAP,104271,273543,166702,1,1,AAAP
2015,NCT OF Delhi,OKHLA,BRAHAM SINGH,M,50,GEN,BJP,39739,273543,166702,3,0,BJP
2015,NCT OF Delhi,OKHLA,ASIF MOHD. KHAN,M,51,GEN,INC,20135,273543,166702,7,0,INC
2015,NCT OF Delhi,OKHLA,ANZARUL HAQUE,M,44,GEN,INL,853,273543,166702,12,0,OTHERS
2015,NCT OF Delhi,OKHLA,ASHRAF KAMAL,M,33,GEN,BSP,696,273543,166702,14,0,OTHERS
2015,NCT OF Delhi,OKHLA,None of the Above,NULL,NULL,GEN,NOTA,519,273543,166702,16,0,OTHERS
2015,NCT OF Delhi,OKHLA,MOHD. ASLAM,M,43,GEN,IND,153,273543,166702,23,0,OTHERS
2015,NCT OF Delhi,OKHLA,BURHANUDDIN,M,54,GEN,IND,102,273543,166702,26,0,OTHERS
2015,NCT OF Delhi,OKHLA,HUMA KAUSAR,F,44,GEN,IND,98,273543,166702,27,0,OTHERS
2015,NCT OF Delhi,OKHLA,MOHD. NIZAMUDDIN,M,46,GEN,SASAPT,92,273543,166702,28,0,OTHERS
2015,NCT OF Delhi,TRILOKPURI,RAJU DHINGAN,M,41,SC,AAAP,74907,178214,127802,1,1,AAAP
2015,NCT OF Delhi,TRILOKPURI,KIRAN VAIDYA,F,40,SC,BJP,45153,178214,127802,2,0,BJP
2015,NCT OF Delhi,TRILOKPURI,BRAHM PAL,M,68,SC,INC,4149,178214,127802,8,0,INC
2015,NCT OF Delhi,TRILOKPURI,DR.GIRISH,M,30,SC,BSP,2217,178214,127802,9,0,OTHERS
2015,NCT OF Delhi,TRILOKPURI,None of the Above,NULL,NULL,SC,NOTA,467,178214,127802,13,0,OTHERS
2015,NCT OF Delhi,TRILOKPURI,KHUBI RAM,M,44,SC,CPI,380,178214,127802,14,0,OTHERS
2015,NCT OF Delhi,TRILOKPURI,PADAM CHAND,M,62,SC,BMUP,271,178214,127802,15,0,OTHERS
2015,NCT OF Delhi,TRILOKPURI,RAKESH,M,40,SC,GaAP,134,178214,127802,21,0,OTHERS
2015,NCT OF Delhi,TRILOKPURI,MAHINDER SINGH,M,74,SC,SASAPT,100,178214,127802,22,0,OTHERS
2015,NCT OF Delhi,KONDLI,MANOJ KUMAR,M,35,SC,AAAP,63185,177791,124763,1,1,AAAP
2015,NCT OF Delhi,KONDLI,HUKAM SINGH,M,60,SC,BJP,38426,177791,124763,2,0,BJP
2015,NCT OF Delhi,KONDLI,AMRISH SINGH GAUTAM,M,58,SC,INC,13562,177791,124763,7,0,INC
2015,NCT OF Delhi,KONDLI,CHAMAN KUMAR,M,39,SC,BSP,8533,177791,124763,8,0,OTHERS
2015,NCT OF Delhi,KONDLI,None of the Above,NULL,NULL,SC,NOTA,458,177791,124763,11,0,OTHERS
2015,NCT OF Delhi,KONDLI,MALA DEVI,F,42,SC,CPI(ML)(L),230,177791,124763,13,0,OTHERS
2015,NCT OF Delhi,KONDLI,RAKESH,M,28,SC,IND,193,177791,124763,15,0,OTHERS
2015,NCT OF Delhi,KONDLI,SUNIL BABU,M,41,SC,IND,132,177791,124763,17,0,OTHERS
2015,NCT OF Delhi,PATPARGANJ,MANISH SISODIA,M,42,GEN,AAAP,75243,214368,140359,1,1,AAAP
2015,NCT OF Delhi,PATPARGANJ,VINOD KUMAR BINNY,M,41,GEN,BJP,46452,214368,140359,3,0,BJP
2015,NCT OF Delhi,PATPARGANJ,ANIL KUMAR,M,38,GEN,INC,16177,214368,140359,6,0,INC
2015,NCT OF Delhi,PATPARGANJ,NEM SINGH PREMI,M,45,GEN,BSP,1191,214368,140359,8,0,OTHERS
2015,NCT OF Delhi,PATPARGANJ,None of the Above,NULL,NULL,GEN,NOTA,530,214368,140359,9,0,OTHERS
2015,NCT OF Delhi,PATPARGANJ,CHHAVI PRAKASH GUPTA,M,42,GEN,SHS,293,214368,140359,12,0,OTHERS
2015,NCT OF Delhi,PATPARGANJ,MAHESH PRAKASH,M,47,GEN,SASAPT,283,214368,140359,13,0,OTHERS
2015,NCT OF Delhi,PATPARGANJ,BHUPENDRA KUMAR RAI,M,36,GEN,IND,98,214368,140359,18,0,OTHERS
2015,NCT OF Delhi,LAXMI NAGAR,NITIN TYAGI,M,41,GEN,AAAP,58229,203726,136959,1,1,AAAP
2015,NCT OF Delhi,LAXMI NAGAR,B. B. TYAGI,M,56,GEN,BJP,53383,203726,136959,2,0,BJP
2015,NCT OF Delhi,LAXMI NAGAR,DR. ASHOK KUMAR WALIA,M,66,GEN,INC,23627,203726,136959,6,0,INC
2015,NCT OF Delhi,LAXMI NAGAR,KAVITA NARAIN,F,45,GEN,BSP,687,203726,136959,9,0,OTHERS
2015,NCT OF Delhi,LAXMI NAGAR,None of the Above,NULL,NULL,GEN,NOTA,420,203726,136959,11,0,OTHERS
2015,NCT OF Delhi,LAXMI NAGAR,VIMAL KUMAR SAXENA,M,55,GEN,IND,270,203726,136959,12,0,OTHERS
2015,NCT OF Delhi,LAXMI NAGAR,SARVENDRA SINGH PAL,M,41,GEN,NCP,165,203726,136959,14,0,OTHERS
2015,NCT OF Delhi,LAXMI NAGAR,ZAHEER ABBASI,M,29,GEN,RPI(A),68,203726,136959,20,0,OTHERS
2015,NCT OF Delhi,VISHWAS NAGAR,OM PRAKASH SHARMA,M,61,GEN,BJP,58124,186871,128869,1,1,BJP
2015,NCT OF Delhi,VISHWAS NAGAR,DR. ATUL GUPTA,M,56,GEN,AAAP,47966,186871,128869,2,0,AAAP
2015,NCT OF Delhi,VISHWAS NAGAR,NASEEB SINGH,M,48,GEN,INC,20634,186871,128869,6,0,INC
2015,NCT OF Delhi,VISHWAS NAGAR,GIRISH CHOUDHARY,M,50,GEN,BSP,854,186871,128869,9,0,OTHERS
2015,NCT OF Delhi,VISHWAS NAGAR,None of the Above,NULL,NULL,GEN,NOTA,499,186871,128869,11,0,OTHERS
2015,NCT OF Delhi,VISHWAS NAGAR,JAGDISH,M,34,GEN,GaRPa,270,186871,128869,12,0,OTHERS
2015,NCT OF Delhi,VISHWAS NAGAR,SHOKAT ALI,M,65,GEN,HCP,140,186871,128869,14,0,OTHERS
2015,NCT OF Delhi,VISHWAS NAGAR,VIJAY KUMAR JHA,M,38,GEN,SASAPT,138,186871,128869,15,0,OTHERS
2015,NCT OF Delhi,VISHWAS NAGAR,PRAVEEN KUMAR BHARAT,M,34,GEN,BJM,95,186871,128869,16,0,OTHERS
2015,NCT OF Delhi,KRISHNA NAGAR,"S K BAGGA, ADVOCATE",M,60,GEN,AAAP,65919,190152,137415,2,0,AAAP
2015,NCT OF Delhi,KRISHNA NAGAR,KIRAN BEDI,F,65,GEN,BJP,63642,190152,137415,3,0,BJP
2015,NCT OF Delhi,KRISHNA NAGAR,BANSI LAL,M,60,GEN,INC,6189,190152,137415,6,0,INC
2015,NCT OF Delhi,KRISHNA NAGAR,YOGESH KUMAR,M,34,GEN,BSP,501,190152,137415,10,0,OTHERS
2015,NCT OF Delhi,KRISHNA NAGAR,None of the Above,NULL,NULL,GEN,NOTA,358,190152,137415,11,0,OTHERS
2015,NCT OF Delhi,KRISHNA NAGAR,CHANDAN LAL PREMI,M,76,GEN,CPI,339,190152,137415,12,0,OTHERS
2015,NCT OF Delhi,KRISHNA NAGAR,PURNIMA JOHN,F,33,GEN,SPP,169,190152,137415,14,0,OTHERS
2015,NCT OF Delhi,KRISHNA NAGAR,VIRENDR PRADHAN,M,36,GEN,IND,90,190152,137415,16,0,OTHERS
2015,NCT OF Delhi,KRISHNA NAGAR,SAHRUR,F,39,GEN,HCP,73,190152,137415,18,0,OTHERS
2015,NCT OF Delhi,KRISHNA NAGAR,ADVOCATE MANJEET SINGH,M,27,GEN,IND,53,190152,137415,20,0,OTHERS
2015,NCT OF Delhi,KRISHNA NAGAR,JAGBIR SINGH,M,32,GEN,RAJP,32,190152,137415,21,0,OTHERS
2015,NCT OF Delhi,GANDHI NAGAR,ANIL KUMAR BAJPAI,M,57,GEN,AAAP,50946,168799,112631,1,1,AAAP
2015,NCT OF Delhi,GANDHI NAGAR,JITENDER,M,39,GEN,BJP,43464,168799,112631,3,0,BJP
2015,NCT OF Delhi,GANDHI NAGAR,SURENDER PRAKASH SHARMA,M,59,GEN,INC,16228,168799,112631,6,0,INC
2015,NCT OF Delhi,GANDHI NAGAR,MD. HAROON,M,48,GEN,IND,660,168799,112631,9,0,OTHERS
2015,NCT OF Delhi,GANDHI NAGAR,None of the Above,NULL,NULL,GEN,NOTA,492,168799,112631,11,0,OTHERS
2015,NCT OF Delhi,GANDHI NAGAR,DHARMENDR KUMAR,M,36,GEN,BSP,456,168799,112631,12,0,OTHERS
2015,NCT OF Delhi,GANDHI NAGAR,VIJAY SINGH,M,41,GEN,SHS,165,168799,112631,13,0,OTHERS
2015,NCT OF Delhi,GANDHI NAGAR,SHAINA,F,30,GEN,IND,80,168799,112631,17,0,OTHERS
2015,NCT OF Delhi,GANDHI NAGAR,JABBAR ALI,M,34,GEN,IND,65,168799,112631,20,0,OTHERS
2015,NCT OF Delhi,GANDHI NAGAR,RAJESH KUMAR,M,34,GEN,IND,47,168799,112631,24,0,OTHERS
2015,NCT OF Delhi,SHAHDARA,RAM NIWAS GOEL,M,66,GEN,AAAP,58523,169959,118432,1,1,AAAP
2015,NCT OF Delhi,SHAHDARA,JITENDER SINGH SHUNTY,M,52,GEN,BJP,46792,169959,118432,2,0,BJP
2015,NCT OF Delhi,SHAHDARA,NARENDER NATH,M,71,GEN,INC,9423,169959,118432,6,0,INC
2015,NCT OF Delhi,SHAHDARA,BEHEN PREETI,F,55,GEN,IND,1289,169959,118432,9,0,OTHERS
2015,NCT OF Delhi,SHAHDARA,RAJPAL SINGH,M,54,GEN,BSP,1276,169959,118432,10,0,OTHERS
2015,NCT OF Delhi,SHAHDARA,None of the Above,NULL,NULL,GEN,NOTA,368,169959,118432,12,0,OTHERS
2015,NCT OF Delhi,SHAHDARA,HARPAL SINGH KUNDALIYA,M,62,GEN,GaRPa,235,169959,118432,13,0,OTHERS
2015,NCT OF Delhi,SHAHDARA,MANISH GUPTA,M,41,GEN,IND,167,169959,118432,16,0,OTHERS
2015,NCT OF Delhi,SHAHDARA,PREETI,F,34,GEN,IND,86,169959,118432,21,0,OTHERS
2015,NCT OF Delhi,SHAHDARA,PREETI,F,27,GEN,IND,56,169959,118432,22,0,OTHERS
2015,NCT OF Delhi,SHAHDARA,ACHAL SHARMA,M,28,GEN,IND,41,169959,118432,23,0,OTHERS
2015,NCT OF Delhi,SEEMA PURI,RAJENDRA PAL GAUTAM,M,46,SC,AAAP,79777,172790,126640,1,1,AAAP
2015,NCT OF Delhi,SEEMA PURI,KARAMVIR,M,44,SC,BJP,30956,172790,126640,4,0,BJP
2015,NCT OF Delhi,SEEMA PURI,VEER SINGH DHINGAN,M,60,SC,INC,10674,172790,126640,7,0,INC
2015,NCT OF Delhi,SEEMA PURI,JAI SHREE,F,31,SC,BSP,4103,172790,126640,8,0,OTHERS
2015,NCT OF Delhi,SEEMA PURI,None of the Above,NULL,NULL,SC,NOTA,499,172790,126640,11,0,OTHERS
2015,NCT OF Delhi,SEEMA PURI,AARTI,F,26,SC,GaRPa,304,172790,126640,14,0,OTHERS
2015,NCT OF Delhi,SEEMA PURI,RAVINDER KUMAR,M,43,SC,IND,228,172790,126640,16,0,OTHERS
2015,NCT OF Delhi,ROHTAS NAGAR,SARITA SINGH,F,28,GEN,AAAP,62209,191586,135439,1,1,AAAP
2015,NCT OF Delhi,ROHTAS NAGAR,JITENDER MAHAJAN,M,45,GEN,BJP,54335,191586,135439,2,0,BJP
2015,NCT OF Delhi,ROHTAS NAGAR,VIPIN SHARMA,M,37,GEN,INC,15548,191586,135439,6,0,INC
2015,NCT OF Delhi,ROHTAS NAGAR,PRAVEEN BANSAL,M,34,GEN,BSP,2115,191586,135439,7,0,OTHERS
2015,NCT OF Delhi,ROHTAS NAGAR,None of the Above,NULL,NULL,GEN,NOTA,409,191586,135439,10,0,OTHERS
2015,NCT OF Delhi,ROHTAS NAGAR,ATUL KUMAR,M,33,GEN,GaRPa,243,191586,135439,13,0,OTHERS
2015,NCT OF Delhi,ROHTAS NAGAR,RAISUDDIN,M,47,GEN,IND,191,191586,135439,14,0,OTHERS
2015,NCT OF Delhi,ROHTAS NAGAR,PAWAN KUMAR,M,38,GEN,JKNPP,87,191586,135439,18,0,OTHERS
2015,NCT OF Delhi,ROHTAS NAGAR,RAJENDRA KUMAR,M,41,GEN,RBCP,85,191586,135439,19,0,OTHERS
2015,NCT OF Delhi,ROHTAS NAGAR,NARESH KUMAR,M,32,GEN,IND,67,191586,135439,20,0,OTHERS
2015,NCT OF Delhi,ROHTAS NAGAR,RAJEEV SOHI,M,48,GEN,SHS,65,191586,135439,21,0,OTHERS
2015,NCT OF Delhi,SEELAMPUR,MOHD. ISHRAQUE,M,54,GEN,AAAP,57302,155741,111844,1,1,AAAP
2015,NCT OF Delhi,SEELAMPUR,SANJAY JAIN,M,40,GEN,BJP,29415,155741,111844,3,0,BJP
2015,NCT OF Delhi,SEELAMPUR,CHAUDHARY MATEEN AHMAD,M,56,GEN,INC,23791,155741,111844,5,0,INC
2015,NCT OF Delhi,SEELAMPUR,SANDEEP CHODHARY,M,25,GEN,BSP,629,155741,111844,9,0,OTHERS
2015,NCT OF Delhi,SEELAMPUR,None of the Above,NULL,NULL,GEN,NOTA,329,155741,111844,13,0,OTHERS
2015,NCT OF Delhi,SEELAMPUR,MANOJ KUMAR,M,33,GEN,IND,146,155741,111844,14,0,OTHERS
2015,NCT OF Delhi,SEELAMPUR,SARFARAJ,M,42,GEN,IND,114,155741,111844,16,0,OTHERS
2015,NCT OF Delhi,SEELAMPUR,AKBAR MALIK,M,28,GEN,IND,71,155741,111844,17,0,OTHERS
2015,NCT OF Delhi,GHONDA,SHRI DUTT SHARMA,M,54,GEN,AAAP,60906,202799,135586,1,1,AAAP
2015,NCT OF Delhi,GHONDA,SAHAB SINGH CHAUHAN,M,65,GEN,BJP,52813,202799,135586,2,0,BJP
2015,NCT OF Delhi,GHONDA,BHISHAM SHARMA,M,54,GEN,INC,18892,202799,135586,6,0,INC
2015,NCT OF Delhi,GHONDA,RANJEET SINGH CHAUDHARY,M,44,GEN,BSP,1314,202799,135586,10,0,OTHERS
2015,NCT OF Delhi,GHONDA,ALTAF HUSAIN,M,41,GEN,JD(U),770,202799,135586,11,0,OTHERS
2015,NCT OF Delhi,GHONDA,None of the Above,NULL,NULL,GEN,NOTA,500,202799,135586,13,0,OTHERS
2015,NCT OF Delhi,GHONDA,RAJIV KUMAR,M,47,GEN,SASAPT,150,202799,135586,17,0,OTHERS
2015,NCT OF Delhi,GHONDA,NAVEEN TIWARI,M,32,GEN,SHS,129,202799,135586,20,0,OTHERS
2015,NCT OF Delhi,BABARPUR,GOPAL RAI,M,39,GEN,AAAP,76179,192358,128870,1,1,AAAP
2015,NCT OF Delhi,BABARPUR,NARESH GAUR,M,63,GEN,BJP,40908,192358,128870,2,0,BJP
2015,NCT OF Delhi,BABARPUR,ZAKIR KHAN,M,42,GEN,INC,9952,192358,128870,7,0,INC
2015,NCT OF Delhi,BABARPUR,MOHD ABDUL HAQ,M,31,GEN,BSP,765,192358,128870,12,0,OTHERS
2015,NCT OF Delhi,BABARPUR,None of the Above,NULL,NULL,GEN,NOTA,290,192358,128870,14,0,OTHERS
2015,NCT OF Delhi,BABARPUR,MOHD SHAHIN,M,32,GEN,IND,149,192358,128870,16,0,OTHERS
2015,NCT OF Delhi,BABARPUR,ANIL KUMAR SHARMA,M,44,GEN,RBCP,142,192358,128870,17,0,OTHERS
2015,NCT OF Delhi,BABARPUR,KESAR,F,35,GEN,PECP,96,192358,128870,20,0,OTHERS
2015,NCT OF Delhi,BABARPUR,PRADEEP JAIN,M,45,GEN,IND,89,192358,128870,21,0,OTHERS
2015,NCT OF Delhi,BABARPUR,ARUN THAKUR,M,39,GEN,SPP,62,192358,128870,22,0,OTHERS
2015,NCT OF Delhi,BABARPUR,NADEEM AHMAD,M,39,GEN,IND,52,192358,128870,23,0,OTHERS
2015,NCT OF Delhi,BABARPUR,"MOHD, NAZIR",M,41,GEN,AaSaP,51,192358,128870,24,0,OTHERS
2015,NCT OF Delhi,BABARPUR,MOHD ARIF,M,63,GEN,IND,44,192358,128870,25,0,OTHERS
2015,NCT OF Delhi,BABARPUR,FAZUL RAHMAN,M,44,GEN,IND,43,192358,128870,26,0,OTHERS
2015,NCT OF Delhi,GOKALPUR,FATEH SINGH,M,51,SC,AAAP,71240,197112,146310,1,1,AAAP
2015,NCT OF Delhi,GOKALPUR,RANJEET SINGH,M,43,SC,BJP,39272,197112,146310,2,0,BJP
2015,NCT OF Delhi,GOKALPUR,SURENDRA KUMAR,M,47,SC,BSP,30080,197112,146310,5,0,OTHERS
2015,NCT OF Delhi,GOKALPUR,KU. RINKU,F,40,SC,INC,3344,197112,146310,9,0,INC
2015,NCT OF Delhi,GOKALPUR,MANGE RAM,M,66,SC,BaSaPa,1241,197112,146310,11,0,OTHERS
2015,NCT OF Delhi,GOKALPUR,None of the Above,NULL,NULL,SC,NOTA,526,197112,146310,13,0,OTHERS
2015,NCT OF Delhi,GOKALPUR,MANOJ KUMAR,M,28,SC,GaRPa,384,197112,146310,14,0,OTHERS
2015,NCT OF Delhi,GOKALPUR,VEER PAL SINGH,M,44,SC,IND,153,197112,146310,19,0,OTHERS
2015,NCT OF Delhi,MUSTAFABAD,JAGDISH PRADHAN,M,61,GEN,BJP,58388,233445,165388,1,1,BJP
2015,NCT OF Delhi,MUSTAFABAD,HASAN AHMED,M,62,GEN,INC,52357,233445,165388,4,0,INC
2015,NCT OF Delhi,MUSTAFABAD,MOHD YUNUS,M,50,GEN,AAAP,49791,233445,165388,5,0,AAAP
2015,NCT OF Delhi,MUSTAFABAD,NEERU CHAUDHARY,F,38,GEN,BSP,2893,233445,165388,9,0,OTHERS
2015,NCT OF Delhi,MUSTAFABAD,None of the Above,NULL,NULL,GEN,NOTA,587,233445,165388,13,0,OTHERS
2015,NCT OF Delhi,MUSTAFABAD,ALI ABBAS,M,35,GEN,HCP,418,233445,165388,14,0,OTHERS
2015,NCT OF Delhi,MUSTAFABAD,SHER KHA MALIK,M,48,GEN,IND,399,233445,165388,15,0,OTHERS
2015,NCT OF Delhi,MUSTAFABAD,JAI SINGH CHAUDHARY,M,32,GEN,IND,169,233445,165388,18,0,OTHERS
2015,NCT OF Delhi,MUSTAFABAD,SARFUDDIN,M,33,GEN,GaAP,138,233445,165388,22,0,OTHERS
2015,NCT OF Delhi,MUSTAFABAD,KALI CHARAN,M,51,GEN,IND,129,233445,165388,23,0,OTHERS
2015,NCT OF Delhi,KARAWAL NAGAR,KAPIL MISHRA,M,34,GEN,AAAP,101865,243774,170236,1,1,AAAP
2015,NCT OF Delhi,KARAWAL NAGAR,MOHAN SINGH BISHT,M,57,GEN,BJP,57434,243774,170236,2,0,BJP
2015,NCT OF Delhi,KARAWAL NAGAR,SATAN PAL DAYMA,M,51,GEN,INC,5362,243774,170236,7,0,INC
2015,NCT OF Delhi,KARAWAL NAGAR,DHARMENDRA SINGH,M,45,GEN,BSP,2202,243774,170236,9,0,OTHERS
2015,NCT OF Delhi,KARAWAL NAGAR,None of the Above,NULL,NULL,GEN,NOTA,888,243774,170236,12,0,OTHERS
2015,NCT OF Delhi,KARAWAL NAGAR,RANJIT TIWARI,M,43,GEN,CPM,712,243774,170236,13,0,OTHERS
2015,NCT OF Delhi,KARAWAL NAGAR,SUNDER SINGH DEDHA,M,48,GEN,IND,696,243774,170236,14,0,OTHERS
2015,NCT OF Delhi,KARAWAL NAGAR,DHARM DASS,M,59,GEN,RBHP,279,243774,170236,18,0,OTHERS
2015,NCT OF Delhi,KARAWAL NAGAR,JOGINDER SINGH,M,38,GEN,IND,211,243774,170236,20,0,OTHERS
2015,NCT OF Delhi,KARAWAL NAGAR,SHYAM PAL SINGH,M,47,GEN,NAPt,151,243774,170236,22,0,OTHERS
2015,NCT OF Delhi,KARAWAL NAGAR,SARYUG NARYAN,M,54,GEN,SASAPT,146,243774,170236,23,0,OTHERS
2015,NCT OF Delhi,KARAWAL NAGAR,ANIL KUMAR,M,43,GEN,ASSP,144,243774,170236,24,0,OTHERS
2015,NCT OF Delhi,KARAWAL NAGAR,PRAHLAD KUMAR GUPTA,M,40,GEN,HND,115,243774,170236,26,0,OTHERS
